time,ATR
2019-11-15,0.2968
2019-11-14,0.2236
2019-11-13,0.1695
2019-11-12,0.1918
2019-11-11,0.2023
2019-11-08,0.2003
2019-11-07,0.1854
2019-11-06,0.1718
2019-11-05,0.1647
2019-11-04,0.1434
2019-11-01,0.1578
2019-10-31,0.1747
2019-10-30,0.1834
2019-10-29,0.2017
2019-10-28,0.2246
2019-10-25,0.2158
2019-10-24,0.2222
2019-10-23,0.2428
2019-10-22,0.2460
2019-10-21,0.2725
2019-10-18,0.2831
2019-10-17,0.2914
2019-10-16,0.2893
2019-10-15,0.3066
2019-10-14,0.2982
2019-10-11,0.3028
2019-10-10,0.3210
2019-10-09,0.3037
2019-10-08,0.3309
2019-10-07,0.3386
2019-10-04,0.3508
2019-10-03,0.3685
2019-10-02,0.3481
2019-10-01,0.3026
2019-09-30,0.2933
2019-09-27,0.2941
2019-09-26,0.3076
2019-09-25,0.3245
2019-09-24,0.3157
2019-09-23,0.3046
2019-09-20,0.3033
2019-09-19,0.3193
2019-09-18,0.3642
2019-09-17,0.3977
2019-09-16,0.3971
2019-09-13,0.3714
2019-09-12,0.4142
2019-09-11,0.3353
2019-09-10,0.3366
2019-09-09,0.3208
2019-09-06,0.3060
2019-09-05,0.2750
2019-09-04,0.2687
2019-09-03,0.2459
2019-08-30,0.2423
2019-08-29,0.2654
2019-08-28,0.2943
2019-08-27,0.3003
2019-08-26,0.2979
2019-08-23,0.2924
2019-08-22,0.3080
2019-08-21,0.3425
2019-08-20,0.3856
2019-08-19,0.4232
2019-08-16,0.4215
2019-08-15,0.4119
2019-08-14,0.4049
2019-08-13,0.3536
2019-08-12,0.3671
2019-08-09,0.3790
2019-08-08,0.3983
2019-08-07,0.4404
2019-08-06,0.4755
2019-08-05,0.3418
2019-08-02,0.3598
2019-08-01,0.3197
2019-07-31,0.2897
2019-07-30,0.3171
2019-07-29,0.2889
2019-07-26,0.2611
2019-07-25,0.2688
2019-07-24,0.2786
2019-07-23,0.3044
2019-07-22,0.3306
2019-07-19,0.3132
2019-07-18,0.3290
2019-07-17,0.2887
2019-07-16,0.2859
2019-07-15,0.2849
2019-07-12,0.2486
2019-07-11,0.2033
2019-07-10,0.1791
2019-07-09,0.1964
2019-07-08,0.2055
2019-07-05,0.2244
2019-07-03,0.2405
2019-07-02,0.2431
2019-07-01,0.2466
2019-06-28,0.2558
2019-06-27,0.2747
2019-06-26,0.2859
2019-06-25,0.2898
2019-06-24,0.3023
2019-06-21,0.2904
2019-06-20,0.2555
2019-06-19,0.2618
2019-06-18,0.2873
2019-06-17,0.3116
2019-06-14,0.3470
2019-06-13,0.3463
2019-06-12,0.3554
2019-06-11,0.4017
2019-06-10,0.4045
2019-06-07,0.4156
2019-06-06,0.4346
2019-06-05,0.4732
2019-06-04,0.4440
2019-06-03,0.3725
2019-05-31,0.3331
2019-05-30,0.2939
2019-05-29,0.2874
2019-05-28,0.2968
2019-05-24,0.3159
2019-05-23,0.3524
2019-05-22,0.3380
2019-05-21,0.3725
2019-05-20,0.3907
2019-05-17,0.4283
2019-05-16,0.4354
2019-05-15,0.4493
2019-05-14,0.3666
2019-05-13,0.3408
2019-05-10,0.3184
2019-05-09,0.3233
2019-05-08,0.3241
2019-05-07,0.3552
2019-05-06,0.3615
2019-05-03,0.2543
2019-05-02,0.2704
2019-05-01,0.2305
2019-04-30,0.2486
2019-04-29,0.2208
2019-04-26,0.2385
2019-04-25,0.2556
2019-04-24,0.2820
2019-04-23,0.3002
2019-04-22,0.3177
2019-04-18,0.3222
2019-04-17,0.3527
2019-04-16,0.3759
2019-04-15,0.3474
2019-04-12,0.3268
2019-04-11,0.3535
2019-04-10,0.3519
2019-04-09,0.3499
2019-04-08,0.3399
2019-04-05,0.3598
2019-04-04,0.3623
2019-04-03,0.3978
2019-04-02,0.4348
2019-04-01,0.4722
2019-03-29,0.5179
2019-03-28,0.5374
2019-03-27,0.5268
2019-03-26,0.5385
2019-03-25,0.5781
2019-03-22,0.5401
2019-03-21,0.5076
2019-03-20,0.5520
2019-03-19,0.5775
2019-03-18,0.6019
2019-03-15,0.6199
2019-03-14,0.5623
2019-03-13,0.6179
2019-03-12,0.4499
2019-03-11,0.4649
2019-03-08,0.5011
2019-03-07,0.4889
2019-03-06,0.4886
2019-03-05,0.4458
2019-03-04,0.3372
2019-03-01,0.3240
2019-02-28,0.3350
2019-02-27,0.3763
2019-02-26,0.3729
2019-02-25,0.3461
2019-02-22,0.3376
2019-02-21,0.3570
2019-02-20,0.3838
2019-02-19,0.4047
2019-02-15,0.4484
2019-02-14,0.4905
2019-02-13,0.5405
2019-02-12,0.6132
2019-02-11,0.5640
2019-02-08,0.5324
2019-02-07,0.5681
2019-02-06,0.5546
2019-02-05,0.5457
2019-02-04,0.5021
2019-02-01,0.3938
2019-01-31,0.3948
2019-01-30,0.4365
2019-01-29,0.4881
2019-01-28,0.4651
2019-01-25,0.4339
2019-01-24,0.4673
2019-01-23,0.4667
2019-01-22,0.5233
2019-01-18,0.5791
2019-01-17,0.5639
2019-01-16,0.5124
2019-01-15,0.5380
2019-01-14,0.4874
2019-01-11,0.4943
2019-01-10,0.4104
2019-01-09,0.3455
2019-01-08,0.3044
2019-01-07,0.2929
2019-01-04,0.3312
2019-01-03,0.3615
2019-01-02,0.3993
2018-12-31,0.3867
2018-12-28,0.3981
2018-12-27,0.3976
2018-12-26,0.4143
2018-12-24,0.4479
2018-12-21,0.4324
2018-12-20,0.4455
2018-12-19,0.4319
2018-12-18,0.4598
2018-12-17,0.5048
2018-12-14,0.4985
2018-12-13,0.4656
2018-12-12,0.4195
2018-12-11,0.4494
2018-12-10,0.4892
2018-12-07,0.5040
2018-12-06,0.4800
2018-12-04,0.4237
2018-12-03,0.4447
2018-11-30,0.4134
2018-11-29,0.4617
2018-11-28,0.4921
2018-11-27,0.4976
2018-11-26,0.4996
2018-11-23,0.4944
2018-11-21,0.5481
2018-11-20,0.6001
2018-11-19,0.5801
2018-11-16,0.6401
2018-11-15,0.7051
2018-11-14,0.6814
2018-11-13,0.6767
2018-11-12,0.7534
2018-11-09,0.6742
2018-11-08,0.7028
2018-11-07,0.7334
2018-11-06,0.7118
2018-11-05,0.7473
2018-11-02,0.8089
2018-11-01,0.9236
2018-10-31,1.0296
2018-10-30,1.0994
2018-10-29,1.1568
2018-10-26,1.0910
2018-10-25,1.1963
2018-10-24,1.3228
2018-10-23,1.3835
2018-10-22,1.3094
2018-10-19,1.0942
2018-10-18,1.0623
2018-10-17,1.1154
2018-10-16,0.9800
2018-10-15,0.7422
2018-10-12,0.6253
2018-10-11,0.5816
2018-10-10,0.6055
2018-10-09,0.6274
2018-10-08,0.6816
2018-10-05,0.6950
2018-10-04,0.6912
2018-10-03,0.7165
2018-10-02,0.7281
2018-10-01,0.7844
2018-09-28,0.8295
2018-09-27,0.7869
2018-09-26,0.8586
2018-09-25,0.8858
2018-09-24,0.8684
2018-09-21,0.9105
2018-09-20,1.0156
2018-09-19,1.0020
2018-09-18,0.7976
2018-09-17,0.7885
2018-09-14,0.6157
2018-09-13,0.5856
2018-09-12,0.4970
2018-09-11,0.4613
2018-09-10,0.4013
2018-09-07,0.4391
2018-09-06,0.4809
2018-09-05,0.4717
2018-09-04,0.4181
2018-08-31,0.4776
2018-08-30,0.5195
2018-08-29,0.5481
2018-08-28,0.5726
2018-08-27,0.5233
2018-08-24,0.4941
2018-08-23,0.4903
2018-08-22,0.5529
2018-08-21,0.5886
2018-08-20,0.5208
2018-08-17,0.4260
2018-08-16,0.4467
2018-08-15,0.4708
2018-08-14,0.3335
2018-08-13,0.2939
2018-08-10,0.2699
2018-08-09,0.2799
2018-08-08,0.3198
2018-08-07,0.3198
2018-08-06,0.2710
2018-08-03,0.3037
2018-08-02,0.2997
2018-08-01,0.3296
2018-07-31,0.3395
2018-07-30,0.3364
2018-07-27,0.3255
2018-07-26,0.3532
2018-07-25,0.3517
2018-07-24,0.3497
2018-07-23,0.2946
2018-07-20,0.3032
2018-07-19,0.3090
2018-07-18,0.2813
2018-07-17,0.2966
2018-07-16,0.3007
2018-07-13,0.2634
2018-07-12,0.2468
2018-07-11,0.2585
2018-07-10,0.2556
2018-07-09,0.2845
2018-07-06,0.3056
2018-07-05,0.3095
2018-07-03,0.3517
2018-07-02,0.3971
2018-06-29,0.4214
2018-06-28,0.4568
2018-06-27,0.4535
2018-06-26,0.4443
2018-06-25,0.4554
2018-06-22,0.4453
2018-06-21,0.4191
2018-06-20,0.3963
2018-06-19,0.3629
2018-06-18,0.3144
2018-06-15,0.3480
2018-06-14,0.4025
2018-06-13,0.4356
2018-06-12,0.4846
2018-06-11,0.4932
2018-06-08,0.5265
2018-06-07,0.5126
2018-06-06,0.4155
2018-06-05,0.3044
2018-06-04,0.2805
2018-06-01,0.3082
2018-05-31,0.3277
2018-05-30,0.3421
2018-05-29,0.3694
2018-05-25,0.4042
2018-05-24,0.4103
2018-05-23,0.4379
2018-05-22,0.4429
2018-05-21,0.4436
2018-05-18,0.3720
2018-05-17,0.3200
2018-05-16,0.3250
2018-05-15,0.3161
2018-05-14,0.3077
2018-05-11,0.2658
2018-05-10,0.2898
2018-05-09,0.2925
2018-05-08,0.3074
2018-05-07,0.2992
2018-05-04,0.3265
2018-05-03,0.3606
2018-05-02,0.3853
2018-05-01,0.3866
2018-04-30,0.3907
2018-04-27,0.3784
2018-04-26,0.4055
2018-04-25,0.4444
2018-04-24,0.4455
2018-04-23,0.4519
2018-04-20,0.4149
2018-04-19,0.4486
2018-04-18,0.5052
2018-04-17,0.5586
2018-04-16,0.5507
2018-04-13,0.5909
2018-04-12,0.5561
2018-04-11,0.6301
2018-04-10,0.6651
2018-04-09,0.5802
2018-04-06,0.5626
2018-04-05,0.5765
2018-04-04,0.5589
2018-04-03,0.5561
2018-04-02,0.4701
2018-03-29,0.4826
2018-03-28,0.4682
2018-03-27,0.4410
2018-03-26,0.4463
2018-03-23,0.4511
2018-03-22,0.4039
2018-03-21,0.3798
2018-03-20,0.3698
2018-03-19,0.3548
2018-03-16,0.3684
2018-03-15,0.3686
2018-03-14,0.4082
2018-03-13,0.4610
2018-03-12,0.4612
2018-03-09,0.4890
2018-03-08,0.5315
2018-03-07,0.5669
2018-03-06,0.5512
2018-03-05,0.5290
2018-03-02,0.5123
2018-03-01,0.5639
2018-02-28,0.6126
2018-02-27,0.5893
2018-02-26,0.5466
2018-02-23,0.5483
2018-02-22,0.6003
2018-02-21,0.6779
2018-02-20,0.7241
2018-02-16,0.7177
2018-02-15,0.7061
2018-02-14,0.8121
2018-02-13,0.9627
2018-02-12,1.1406
2018-02-09,1.3132
2018-02-08,1.4489
2018-02-07,1.5526
2018-02-06,1.5518
2018-02-05,1.4692
2018-02-02,1.2190
2018-02-01,1.1412
2018-01-31,1.0293
2018-01-30,1.0361
2018-01-29,1.0341
2018-01-26,1.1026
2018-01-25,1.0775
2018-01-24,1.0542
2018-01-23,1.0730
2018-01-22,1.0800
2018-01-19,1.1287
2018-01-18,1.2929
2018-01-17,1.2786
2018-01-16,1.4535
2018-01-12,1.2911
2018-01-11,1.0946
2018-01-10,1.1133
2018-01-09,1.2289
2018-01-08,1.2993
2018-01-05,1.3466
2018-01-04,1.3706
2018-01-03,1.1807
2018-01-02,0.8884
2017-12-29,0.6430
2017-12-28,0.4112
2017-12-27,0.3140
2017-12-26,0.3400
2017-12-22,0.2550
2017-12-21,0.2188
2017-12-20,0.2534
2017-12-19,0.2793
2017-12-18,0.3129
2017-12-15,0.3613
2017-12-14,0.3792
2017-12-13,0.4340
2017-12-12,0.4692
2017-12-11,0.5015
2017-12-08,0.5514
2017-12-07,0.5718
2017-12-06,0.5772
2017-12-05,0.6115
2017-12-04,0.7144
2017-12-01,0.8012
2017-11-30,0.8893
2017-11-29,0.7941
2017-11-28,0.7477
2017-11-27,0.5928
2017-11-24,0.4936
2017-11-22,0.4570
2017-11-21,0.4837
2017-11-20,0.5619
2017-11-17,0.6324
2017-11-16,0.6505
2017-11-15,0.6132
2017-11-14,0.6037
2017-11-13,0.4394
2017-11-10,0.2960
2017-11-09,0.1950
2017-11-08,0.1934
2017-11-07,0.1743
2017-11-06,0.1204
2017-11-03,0.0805
2017-11-02,0.0831
2017-11-01,0.0839
2017-10-31,0.0896
2017-10-30,0.0945
2017-10-27,0.0731
2017-10-26,0.0789
2017-10-25,0.0836
2017-10-24,0.0913
2017-10-23,0.1028
2017-10-20,0.1133
2017-10-19,0.1216
2017-10-18,0.1245
2017-10-17,0.1184
2017-10-16,0.0980
2017-10-13,0.1042
2017-10-12,0.1103
2017-10-11,0.1179
2017-10-10,0.1186
2017-10-09,0.1107
2017-10-06,0.1134
2017-10-05,0.0870
2017-10-04,0.0538
2017-10-03,0.0522
2017-10-02,0.0572
2017-09-29,0.0565
2017-09-28,0.0582
2017-09-27,0.0627
2017-09-26,0.0659
2017-09-25,0.0774
2017-09-22,0.0792
2017-09-21,0.0766
2017-09-20,0.0707
2017-09-19,0.0734
2017-09-18,0.0725
2017-09-15,0.0781
2017-09-14,0.0801
2017-09-13,0.0801
2017-09-12,0.0652
2017-09-11,0.0690
2017-09-08,0.0612
2017-09-07,0.0540
2017-09-06,0.0575
2017-09-05,0.0519
2017-09-01,0.0523
2017-08-31,0.0529
2017-08-30,0.0437
2017-08-29,0.0471
2017-08-28,0.0481
2017-08-25,0.0526
2017-08-24,0.0510
2017-08-23,0.0538
2017-08-22,0.0547
2017-08-21,0.0559
2017-08-18,0.0537
2017-08-17,0.0568
2017-08-16,0.0610
2017-08-15,0.0688
2017-08-14,0.0762
2017-08-11,0.0775
2017-08-10,0.0819
2017-08-09,0.0849
2017-08-08,0.0961
2017-08-07,0.1001
2017-08-04,0.0876
2017-08-03,0.0995
2017-08-02,0.0866
2017-08-01,0.0758
2017-07-31,0.0773
2017-07-28,0.0841
2017-07-27,0.0926
2017-07-26,0.0958
2017-07-25,0.1047
2017-07-24,0.1084
2017-07-21,0.0905
2017-07-20,0.0743
2017-07-19,0.0754
2017-07-18,0.0818
2017-07-17,0.0822
2017-07-14,0.0783
2017-07-13,0.0854
2017-07-12,0.0937
2017-07-11,0.0649
2017-07-10,0.0711
2017-07-07,0.0709
2017-07-06,0.0736
2017-07-05,0.0720
2017-07-03,0.0650
2017-06-30,0.0588
2017-06-29,0.0622
2017-06-28,0.0632
2017-06-27,0.0648
2017-06-26,0.0710
2017-06-23,0.0783
2017-06-22,0.0848
2017-06-21,0.0885
2017-06-20,0.1007
2017-06-19,0.1133
2017-06-16,0.1217
2017-06-15,0.1316
2017-06-14,0.1407
2017-06-13,0.1609
2017-06-12,0.1711
2017-06-09,0.1929
2017-06-08,0.2162
2017-06-07,0.2232
2017-06-06,0.2265
2017-06-05,0.2606
2017-06-02,0.2903
2017-06-01,0.3329
2017-05-31,0.4053
2017-05-30,0.0497
2017-05-26,0.0346
2017-05-25,0.0432
2017-05-24,0.0540
2017-05-23,0.0620
2017-05-22,0.0643
2017-05-19,0.0681
2017-05-18,0.0764
2017-05-17,0.0830
2017-05-16,0.0862
2017-05-15,0.0928
2017-05-12,0.0960
2017-05-11,0.0949
2017-05-10,0.0862
2017-05-09,0.0852
2017-05-08,0.0790
2017-05-05,0.0825
2017-05-04,0.0882
2017-05-03,0.0877
2017-05-02,0.0979
2017-05-01,0.1099
2017-04-28,0.1204
2017-04-27,0.1245
2017-04-26,0.1309
2017-04-25,0.1486
2017-04-24,0.1507
2017-04-21,0.1687
2017-04-20,0.1958
2017-04-19,0.2073
2017-04-18,0.2141
2017-04-17,0.2326
2017-04-13,0.2533
2017-04-12,0.2266
2017-04-11,0.2357
2017-04-10,0.1362
2017-04-07,0.0777
2017-04-06,0.0721
2017-04-05,0.0802
2017-04-04,0.0827
2017-04-03,0.0859
2017-03-31,0.0874
2017-03-30,0.0892
2017-03-29,0.0940
2017-03-28,0.0925
2017-03-27,0.0896
2017-03-24,0.0620
2017-03-23,0.0660
2017-03-22,0.0701
2017-03-21,0.0726
2017-03-20,0.0757
2017-03-17,0.0646
2017-03-16,0.0695
2017-03-15,0.0794
2017-03-14,0.0868
2017-03-13,0.0985
2017-03-10,0.1091
2017-03-09,0.1154
2017-03-08,0.1025
2017-03-07,0.0931
2017-03-06,0.0764
2017-03-03,0.0805
2017-03-02,0.0857
2017-03-01,0.0921
2017-02-28,0.1026
2017-02-27,0.0995
2017-02-24,0.1044
2017-02-23,0.0880
2017-02-22,0.0795
2017-02-21,0.0819
2017-02-17,0.0774
2017-02-16,0.0788
2017-02-15,0.0885
2017-02-14,0.0881
2017-02-13,0.0876
2017-02-10,0.0870
2017-02-09,0.0858
2017-02-08,0.0797
2017-02-07,0.0796
2017-02-06,0.0738
2017-02-03,0.0722
2017-02-02,0.0815
2017-02-01,0.0844
2017-01-31,0.0955
2017-01-30,0.0994
2017-01-27,0.0967
2017-01-26,0.1084
2017-01-25,0.1213
2017-01-24,0.0966
2017-01-23,0.0910
2017-01-20,0.0887
2017-01-19,0.0909
2017-01-18,0.1011
2017-01-17,0.0989
2017-01-13,0.0909
2017-01-12,0.0994
2017-01-11,0.0967
2017-01-10,0.0896
2017-01-09,0.0895
2017-01-06,0.0781
2017-01-05,0.0846
2017-01-04,0.0933
2017-01-03,0.1041
2016-12-30,0.1029
2016-12-29,0.1161
2016-12-28,0.1201
2016-12-27,0.1352
2016-12-23,0.1472
2016-12-22,0.1618
2016-12-21,0.1660
2016-12-20,0.1750
2016-12-19,0.1837
2016-12-16,0.1799
2016-12-15,0.2101
2016-12-14,0.2277
2016-12-13,0.2071
2016-12-12,0.2138
2016-12-09,0.1893
2016-12-08,0.2186
2016-12-07,0.2258
2016-12-06,0.2407
2016-12-05,0.2559
2016-12-02,0.2444
2016-12-01,0.2552
2016-11-30,0.2690
2016-11-29,0.2977
2016-11-28,0.3371
2016-11-25,0.3863
2016-11-23,0.4419
2016-11-22,0.4394
2016-11-21,0.4310
2016-11-18,0.3963
2016-11-17,0.3886
2016-11-16,0.4027
2016-11-15,0.1852
2016-11-14,0.1330
2016-11-11,0.1484
2016-11-10,0.1606
2016-11-09,0.1814
2016-11-08,0.1648
2016-11-07,0.1653
2016-11-04,0.1561
2016-11-03,0.1128
2016-11-02,0.0936
2016-11-01,0.0932
2016-10-31,0.1012
2016-10-28,0.1153
2016-10-27,0.1191
2016-10-26,0.1264
2016-10-25,0.1278
2016-10-24,0.1147
2016-10-21,0.1224
2016-10-20,0.1353
2016-10-19,0.1413
2016-10-18,0.1489
2016-10-17,0.1586
2016-10-14,0.1833
2016-10-13,0.1966
2016-10-12,0.2038
2016-10-11,0.1742
2016-10-10,0.1778
2016-10-07,0.1797
2016-10-06,0.1764
2016-10-05,0.1030
2016-10-04,0.0703
2016-10-03,0.0624
2016-09-30,0.0604
2016-09-29,0.0631
2016-09-28,0.0713
2016-09-27,0.0741
2016-09-26,0.0777
2016-09-23,0.0856
2016-09-22,0.0765
2016-09-21,0.0634
2016-09-20,0.0603
2016-09-19,0.0581
2016-09-16,0.0598
2016-09-15,0.0571
2016-09-14,0.0546
2016-09-13,0.0615
2016-09-12,0.0696
2016-09-09,0.0780
2016-09-08,0.0720
2016-09-07,0.0815
2016-09-06,0.0876
2016-09-02,0.0962
2016-09-01,0.0950
2016-08-31,0.1028
2016-08-30,0.1047
2016-08-29,0.0796
2016-08-26,0.0466
2016-08-25,0.0377
2016-08-24,0.0389
2016-08-23,0.0341
2016-08-22,0.0329
2016-08-19,0.0349
2016-08-18,0.0381
2016-08-17,0.0423
2016-08-16,0.0444
2016-08-15,0.0488
2016-08-12,0.0475
2016-08-11,0.0484
2016-08-10,0.0504
2016-08-09,0.0533
2016-08-08,0.0564
2016-08-05,0.0417
2016-08-04,0.0284
2016-08-03,0.0175
2016-08-02,0.0159
2016-08-01,0.0174
2016-07-29,0.0182
2016-07-28,0.0175
2016-07-27,0.0161
2016-07-26,0.0144
2016-07-25,0.0132
2016-07-22,0.0135
2016-07-21,0.0147
2016-07-20,0.0148
2016-07-19,0.0173
2016-07-18,0.0189
2016-07-15,0.0173
2016-07-14,0.0202
2016-07-13,0.0220
2016-07-12,0.0272
2016-07-11,0.0210
2016-07-08,0.0205
2016-07-07,0.0204
2016-07-06,0.0232
2016-07-05,0.0275
2016-07-01,0.0244
2016-06-30,0.0193
2016-06-29,0.0113
2016-06-28,0.0142
2016-06-27,0.0157
2016-06-24,0.0161
2016-06-23,0.0167
2016-06-22,0.0176
2016-06-21,0.0187
2016-06-20,0.0169
2016-06-17,0.0161
2016-06-16,0.0189
2016-06-15,0.0211
2016-06-14,0.0211
2016-06-13,0.0229
2016-06-10,0.0221
2016-06-09,0.0227
2016-06-08,0.0213
2016-06-07,0.0214
2016-06-06,0.0258
2016-06-03,0.0250
2016-06-02,0.0262
2016-06-01,0.0220
2016-05-31,0.0180
2016-05-27,0.0160
2016-05-26,0.0190
2016-05-25,0.0215
2016-05-24,0.0256
2016-05-23,0.0238
2016-05-20,0.0292
2016-05-19,0.0281
2016-05-18,0.0276
2016-05-17,0.0240
2016-05-16,0.0237
2016-05-13,0.0251
2016-05-12,0.0264
2016-05-11,0.0267
2016-05-10,0.0309
2016-05-09,0.0344
2016-05-06,0.0320
2016-05-05,0.0265
2016-05-04,0.0214
2016-05-03,0.0208
2016-05-02,0.0205
2016-04-29,0.0223
2016-04-28,0.0249
2016-04-27,0.0261
2016-04-26,0.0259
2016-04-25,0.0252
2016-04-22,0.0274
2016-04-21,0.0291
2016-04-20,0.0236
2016-04-19,0.0170
2016-04-18,0.0175
2016-04-15,0.0171
2016-04-14,0.0158
2016-04-13,0.0143
2016-04-12,0.0156
2016-04-11,0.0160
2016-04-08,0.0166
2016-04-07,0.0174
2016-04-06,0.0175
2016-04-05,0.0152
2016-04-04,0.0172
2016-04-01,0.0170
2016-03-31,0.0145
2016-03-30,0.0182
2016-03-29,0.0150
2016-03-28,0.0142
2016-03-24,0.0128
2016-03-23,0.0125
2016-03-22,0.0131
2016-03-21,0.0146
2016-03-18,0.0183
2016-03-17,0.0174
2016-03-16,0.0167
2016-03-15,0.0166
2016-03-14,0.0160
2016-03-11,0.0135
2016-03-10,0.0169
2016-03-09,0.0196
2016-03-08,0.0201
2016-03-07,0.0196
2016-03-04,0.0185
2016-03-03,0.0203
2016-03-02,0.0204
2016-03-01,0.0215
2016-02-29,0.0251
2016-02-26,0.0257
2016-02-25,0.0243
2016-02-24,0.0227
2016-02-23,0.0173
2016-02-22,0.0201
2016-02-19,0.0217
2016-02-18,0.0201
2016-02-17,0.0194
2016-02-16,0.0195
2016-02-12,0.0201
2016-02-11,0.0179
2016-02-10,0.0223
2016-02-09,0.0204
2016-02-08,0.0168
2016-02-05,0.0144
2016-02-04,0.0130
2016-02-03,0.0146
2016-02-02,0.0162
2016-02-01,0.0157
2016-01-29,0.0152
2016-01-28,0.0160
2016-01-27,0.0185
2016-01-26,0.0213
2016-01-25,0.0202
2016-01-22,0.0227
2016-01-21,0.0194
2016-01-20,0.0223
2016-01-19,0.0181
2016-01-15,0.0191
2016-01-14,0.0171
2016-01-13,0.0179
2016-01-12,0.0186
2016-01-11,0.0183
2016-01-08,0.0191
2016-01-07,0.0211
2016-01-06,0.0199
2016-01-05,0.0206
2016-01-04,0.0205
2015-12-31,0.0256
2015-12-30,0.0320
2015-12-29,0.0365
2015-12-28,0.0328
2015-12-24,0.0410
2015-12-23,0.0511
2015-12-22,0.0186
2015-12-21,0.0212
2015-12-18,0.0193
2015-12-17,0.0196
2015-12-16,0.0190
2015-12-15,0.0197
2015-12-14,0.0214
2015-12-11,0.0268
2015-12-10,0.0320
2015-12-09,0.0192
2015-12-08,0.0225
2015-12-07,0.0229
2015-12-04,0.0268
2015-12-03,0.0280
2015-12-02,0.0303
2015-12-01,0.0359
2015-11-30,0.0313
2015-11-27,0.0094
2015-11-25,0.0118
2015-11-24,0.0147
2015-11-23,0.0184
2015-11-20,0.0230
2015-11-19,0.0187
2015-11-18,0.0229
2015-11-17,0.0264
2015-11-16,0.0292
2015-11-13,0.0226
2015-11-12,0.0202
2015-11-11,0.0210
2015-11-10,0.0262
2015-11-09,0.0328
2015-11-06,0.0385
2015-11-05,0.0304
2015-11-04,0.0162
2015-11-03,0.0125
2015-11-02,0.0134
2015-10-30,0.0152
2015-10-29,0.0173
2015-10-28,0.0216
2015-10-27,0.0191
2015-10-26,0.0186
2015-10-23,0.0107
2015-10-22,0.0119
2015-10-21,0.0126
2015-10-20,0.0110
2015-10-19,0.0073
2015-10-16,0.0088
2015-10-15,0.0110
2015-10-14,0.0138
2015-10-13,0.0147
2015-10-12,0.0086
2015-10-09,0.0108
2015-10-08,0.0135
2015-10-07,0.0161
2015-10-06,0.0109
2015-10-05,0.0119
2015-10-02,0.0116
2015-10-01,0.0115
2015-09-30,0.0064
2015-09-29,0.0050
2015-09-28,0.0058
2015-09-25,0.0072
2015-09-24,0.0043
2015-09-23,0.0053
2015-09-22,0.0067
2015-09-21,0.0083
2015-09-18,0.0057
2015-09-17,0.0051
2015-09-16,0.0064
2015-09-15,0.0079
2015-09-14,0.0099
2015-09-11,0.0124
2015-09-10,0.0155
2015-09-09,0.0176
2015-09-08,0.0063
2015-09-04,0.0079
2015-09-03,0.0043
2015-09-02,0.0054
2015-09-01,0.0068
2015-08-31,0.0069
2015-08-28,0.0087
2015-08-27,0.0088
2015-08-26,0.0051
2015-08-25,0.0063
2015-08-24,0.0079
2015-08-21,0.0024
2015-08-20,0.0020
2015-08-19,0.0025
2015-08-18,0.0031
2015-08-17,0.0039
2015-08-14,0.0048
2015-08-13,0.0048
2015-08-12,0.0057
2015-08-11,0.0049
2015-08-10,0.0057
2015-08-07,0.0016
2015-08-06,0.0020
2015-08-05,0.0025
2015-08-04,0.0031
2015-08-03,0.0039
2015-07-31,0.0048
2015-07-30,0.0061
2015-07-29,0.0008
2015-07-28,0.0010
2015-07-27,0.0013
2015-07-24,0.0016
2015-07-23,0.0020
2015-07-22,0.0025
2015-07-21,0.0012
2015-07-20,0.0014
2015-07-17,0.0018
2015-07-16,0.0023
2015-07-15,0.0028
2015-07-14,0.0023
2015-07-13,0.0029
2015-07-10,0.0036
2015-07-09,0.0017
2015-07-08,0.0021
2015-07-07,0.0027
2015-07-06,0.0028
2015-07-02,0.0036
2015-07-01,0.0045
2015-06-30,0.0056
2015-06-29,0.0070
2015-06-26,0.0012
2015-06-25,0.0015
2015-06-24,0.0019
2015-06-23,0.0023
2015-06-22,0.0029
2015-06-19,0.0036
2015-06-18,0.0045
2015-06-17,0.0057
2015-06-16,0.0071
2015-06-15,0.0089
2015-06-12,0.0111
2015-06-11,0.0081
2015-06-10,0.0077
2015-06-09,0.0096
2015-06-08,0.0092
2015-06-05,0.0115
2015-06-04,0.0144
2015-06-03,0.0180
2015-06-02,0.0003
2015-06-01,0.0003
2015-05-29,0.0004
2015-05-28,0.0005
2015-05-27,0.0007
2015-05-26,0.0008
2015-05-22,0.0010
2015-05-21,0.0013
2015-05-20,0.0016
2015-05-19,0.0020
2015-05-18,0.0025
2015-05-15,0.0031
2015-05-14,0.0039
2015-05-13,0.0048
2015-05-12,0.0061
2015-05-11,0.0068
2015-05-08,0.0040
2015-05-07,0.0050
2015-05-06,0.0063
2015-05-05,0.0064
2015-05-04,0.0060
2015-05-01,0.0074
2015-04-30,0.0093
2015-04-29,0.0086
2015-04-28,0.0108
2015-04-27,0.0130
2015-04-24,0.0162
2015-04-23,0.0183
2015-04-22,0.0179
2015-04-21,0.0133
2015-04-20,0.0107
2015-04-17,0.0133
2015-04-16,0.0029
2015-04-15,0.0037
2015-04-14,0.0046
2015-04-13,0.0057
2015-04-10,0.0037
2015-04-09,0.0046
2015-04-08,0.0057
2015-04-07,0.0071
2015-04-06,0.0054
2015-04-02,0.0068
2015-04-01,0.0032
2015-03-31,0.0041
2015-03-30,0.0051
2015-03-27,0.0036
2015-03-26,0.0045
2015-03-25,0.0056
2015-03-24,0.0070
2015-03-23,0.0075
2015-03-20,0.0094
2015-03-19,0.0080
2015-03-18,0.0100
2015-03-17,0.0124
2015-03-16,0.0088
2015-03-13,0.0110
2015-03-12,0.0137
2015-03-11,0.0072
2015-03-10,0.0090
2015-03-09,0.0112
2015-03-06,0.0140
2015-03-05,0.0175
2015-03-04,0.0219
2015-03-03,0.0274
2015-03-02,0.0330
2015-02-27,0.0413
2015-02-26,0.0476
2015-02-25,0.0595
2015-02-24,0.0579
2015-02-23,0.0533
2015-02-20,0.0544
2015-02-19,0.0043
2015-02-18,0.0053
2015-02-17,0.0067
2015-02-13,0.0083
2015-02-12,0.0064
2015-02-11,0.0080
2015-02-10,0.0100
2015-02-09,0.0125
2015-02-06,0.0144
2015-02-05,0.0102
2015-02-04,0.0128
2015-02-03,0.0037
2015-02-02,0.0046
2015-01-30,0.0058
2015-01-29,0.0072
2015-01-28,0.0090
2015-01-27,0.0113
2015-01-26,0.0141
2015-01-23,0.0176
2015-01-22,0.0220
2015-01-21,0.0275
2015-01-20,0.0344
2015-01-16,0.0430
2015-01-15,0.0538
2015-01-14,0.0672
2015-01-13,0.0840
2015-01-12,0.1050
2015-01-09,0.0000
2015-01-08,0.0000
2015-01-07,0.0000
2015-01-06,0.0000
2015-01-05,0.0000
2015-01-02,0.0000
2014-12-31,0.0000
2014-12-30,0.0000
2014-12-29,0.0000
2014-12-26,0.0000
2014-12-24,0.0000
2014-12-23,0.0000
2014-12-22,0.0000
2014-12-19,0.0000
2014-12-18,0.0000
2014-12-17,0.0000
2014-12-16,0.0000
2014-12-15,0.0000
2014-12-12,0.0000
2014-12-11,0.0000
2014-12-10,0.0000
2014-12-09,0.0000
2014-12-08,0.0000
2014-12-05,0.0000
2014-12-04,0.0000
2014-12-03,0.0000
2014-12-02,0.0000
2014-12-01,0.0000
2014-11-28,0.0000
2014-11-26,0.0000
2014-11-25,0.0000
2014-11-24,0.0000
2014-11-21,0.0000
2014-11-20,0.0000
2014-11-19,0.0000
2014-11-18,0.0000
2014-11-17,0.0000
2014-11-14,0.0000
2014-11-13,0.0000
2014-11-12,0.0000
2014-11-11,0.0000
2014-11-10,0.0000
2014-11-07,0.0000
2014-11-06,0.0000
2014-11-05,0.0000
2014-11-04,0.0000
2014-11-03,0.0000
2014-10-31,0.0000
2014-10-30,0.0000
2014-10-29,0.0000
2014-10-28,0.0000
2014-10-27,0.0000
2014-10-24,0.0000
2014-10-23,0.0000
2014-10-22,0.0000
2014-10-21,0.0001
2014-10-20,0.0001
2014-10-17,0.0001
2014-10-16,0.0001
2014-10-15,0.0001
2014-10-14,0.0002
2014-10-13,0.0002
2014-10-10,0.0003
2014-10-09,0.0003
2014-10-08,0.0004
2014-10-07,0.0005
2014-10-06,0.0007
2014-10-03,0.0008
2014-10-02,0.0010
2014-10-01,0.0013
2014-09-30,0.0016
2014-09-29,0.0020
2014-09-26,0.0025
2014-09-25,0.0032
2014-09-24,0.0040
2014-09-23,0.0050
2014-09-22,0.0062
2014-09-19,0.0078
2014-09-18,0.0097
2014-09-17,0.0121
2014-09-16,0.0152
2014-09-15,0.0190
2014-09-12,0.0237
2014-09-11,0.0297
2014-09-10,0.0371
2014-09-09,0.0463
2014-09-08,0.0579
2014-09-05,0.0546
2014-09-04,0.0083
2014-09-03,0.0104
2014-09-02,0.0130
2014-08-29,0.0112
2014-08-28,0.0140
2014-08-27,0.0175
2014-08-26,0.0219
2014-08-25,0.0274
2014-08-22,0.0010
2014-08-21,0.0013
2014-08-20,0.0016
2014-08-19,0.0020
2014-08-18,0.0025
2014-08-15,0.0031
2014-08-14,0.0038
2014-08-13,0.0048
2014-08-12,0.0060
2014-08-11,0.0075
2014-08-08,0.0094
2014-08-07,0.0117
2014-08-06,0.0146
2014-08-05,0.0183
2014-08-04,0.0229
2014-08-01,0.0286
2014-07-31,0.0347
2014-07-30,0.0434
2014-07-29,0.0533
2014-07-28,0.0371
2014-07-25,0.0381
2014-07-24,0.0477
2014-07-23,0.0596
2014-07-22,0.0722
2014-07-21,0.0903
2014-07-18,0.1011
2014-07-17,0.1263
2014-07-16,0.1579
2014-07-15,0.1854
2014-07-14,0.2018
2014-07-11,0.1722
2014-07-10,0.0007
2014-07-09,0.0006
2014-07-08,0.0008
2014-07-07,0.0010
2014-07-03,0.0007
2014-07-02,0.0006
2014-07-01,0.0008
2014-06-30,0.0010
2014-06-27,0.0010
2014-06-26,0.0008
2014-06-25,0.0010
2014-06-24,0.0012
2014-06-23,0.0010
2014-06-20,0.0013
2014-06-19,0.0006
2014-06-18,0.0008
2014-06-17,0.0010
2014-06-16,0.0007
2014-06-13,0.0007
2014-06-12,0.0008
2014-06-11,0.0008
2014-06-10,0.0010
2014-06-09,0.0010
2014-06-06,0.0012
2014-06-05,0.0016
2014-06-04,0.0019
2014-06-03,0.0012
2014-06-02,0.0010
2014-05-30,0.0013
2014-05-29,0.0014
2014-05-28,0.0017
2014-05-27,0.0014
2014-05-23,0.0010
2014-05-22,0.0013
2014-05-21,0.0016
2014-05-20,0.0018
2014-05-19,0.0022
2014-05-16,0.0018
2014-05-15,0.0013
2014-05-14,0.0014
2014-05-13,0.0012
2014-05-12,0.0016
2014-05-09,0.0015
2014-05-08,0.0011
2014-05-07,0.0011
2014-05-06,0.0012
2014-05-05,0.0012
2014-05-02,0.0010
2014-05-01,0.0008
2014-04-30,0.0010
2014-04-29,0.0012
2014-04-28,0.0008
2014-04-25,0.0010
2014-04-24,0.0012
2014-04-23,0.0011
2014-04-22,0.0011
2014-04-21,0.0014
2014-04-17,0.0017
2014-04-16,0.0021
2014-04-15,0.0027
2014-04-14,0.0024
2014-04-11,0.0030
2014-04-10,0.0035
2014-04-09,0.0039
2014-04-08,0.0038
2014-04-07,0.0038
2014-04-04,0.0028
2014-04-03,0.0028
2014-04-02,0.0030
2014-04-01,0.0009
2014-03-31,0.0011
2014-03-28,0.0014
2014-03-27,0.0017
2014-03-26,0.0019
2014-03-25,0.0024
2014-03-24,0.0030
2014-03-21,0.0032
2014-03-20,0.0033
2014-03-19,0.0029
2014-03-18,0.0037
2014-03-17,0.0046
2014-03-14,0.0036
2014-03-13,0.0045
2014-03-12,0.0056
2014-03-11,0.0065
2014-03-10,0.0052
2014-03-07,0.0048
2014-03-06,0.0035
2014-03-05,0.0030
2014-03-04,0.0037
2014-03-03,0.0039
2014-02-28,0.0049
2014-02-27,0.0046
2014-02-26,0.0041
2014-02-25,0.0034
2014-02-24,0.0037
2014-02-21,0.0039
2014-02-20,0.0047
2014-02-19,0.0041
2014-02-18,0.0025
2014-02-14,0.0019
2014-02-13,0.0021
2014-02-12,0.0019
2014-02-11,0.0024
2014-02-10,0.0020
2014-02-07,0.0018
2014-02-06,0.0015
2014-02-05,0.0014
2014-02-04,0.0018
2014-02-03,0.0013
2014-01-31,0.0013
2014-01-30,0.0014
2014-01-29,0.0018
2014-01-28,0.0022
2014-01-27,0.0028
2014-01-24,0.0034
2014-01-23,0.0043
2014-01-22,0.0049
2014-01-21,0.0039
2014-01-17,0.0008
2014-01-16,0.0010
2014-01-15,0.0005
2014-01-14,0.0003
2014-01-13,0.0004
2014-01-10,0.0005
2014-01-09,0.0006
2014-01-08,0.0008
2014-01-07,0.0008
2014-01-06,0.0010
2014-01-03,0.0012
2014-01-02,0.0010
2013-12-31,0.0010
2013-12-30,0.0013
2013-12-27,0.0016
2013-12-26,0.0012
2013-12-24,0.0008
2013-12-23,0.0010
2013-12-20,0.0013
2013-12-19,0.0016
2013-12-18,0.0015
2013-12-17,0.0019
2013-12-16,0.0023
2013-12-13,0.0020
2013-12-12,0.0024
2013-12-11,0.0028
2013-12-10,0.0035
2013-12-09,0.0032
2013-12-06,0.0023
2013-12-05,0.0018
2013-12-04,0.0023
2013-12-03,0.0026
2013-12-02,0.0026
2013-11-29,0.0027
2013-11-27,0.0022
2013-11-26,0.0013
2013-11-25,0.0011
2013-11-22,0.0012
2013-11-21,0.0010
2013-11-20,0.0012
2013-11-19,0.0010
2013-11-18,0.0008
2013-11-15,0.0010
2013-11-14,0.0012
2013-11-13,0.0015
2013-11-12,0.0014
2013-11-11,0.0017
2013-11-08,0.0022
2013-11-07,0.0015
2013-11-06,0.0016
2013-11-05,0.0020
2013-11-04,0.0026
2013-11-01,0.0029
2013-10-31,0.0032
2013-10-30,0.0033
2013-10-29,0.0029
2013-10-28,0.0036
2013-10-25,0.0025
2013-10-24,0.0024
2013-10-23,0.0026
2013-10-22,0.0025
2013-10-21,0.0021
2013-10-18,0.0017
2013-10-17,0.0016
2013-10-16,0.0015
2013-10-15,0.0016
2013-10-14,0.0018
2013-10-11,0.0023
2013-10-10,0.0026
2013-10-09,0.0015
2013-10-08,0.0019
2013-10-07,0.0024
2013-10-04,0.0030
2013-10-03,0.0025
2013-10-02,0.0022
2013-10-01,0.0024
2013-09-30,0.0023
2013-09-27,0.0024
2013-09-26,0.0021
2013-09-25,0.0021
2013-09-24,0.0026
2013-09-23,0.0021
2013-09-20,0.0021
2013-09-19,0.0026
2013-09-18,0.0033
2013-09-17,0.0033
2013-09-16,0.0022
2013-09-13,0.0011
2013-09-12,0.0013
2013-09-11,0.0014
2013-09-10,0.0013
2013-09-09,0.0011
2013-09-06,0.0014
2013-09-05,0.0015
2013-09-04,0.0014
2013-09-03,0.0016
2013-08-30,0.0017
2013-08-29,0.0014
2013-08-28,0.0018
2013-08-27,0.0022
2013-08-26,0.0025
2013-08-23,0.0024
2013-08-22,0.0028
2013-08-21,0.0034
2013-08-20,0.0033
2013-08-19,0.0034
2013-08-16,0.0040
2013-08-15,0.0041
2013-08-14,0.0034
2013-08-13,0.0025
2013-08-12,0.0032
2013-08-09,0.0037
2013-08-08,0.0030
2013-08-07,0.0035
2013-08-06,0.0031
2013-08-05,0.0029
2013-08-02,0.0036
2013-08-01,0.0043
2013-07-31,0.0049
2013-07-30,0.0032
2013-07-29,0.0040
2013-07-26,0.0045
2013-07-25,0.0054
2013-07-24,0.0046
2013-07-23,0.0057
2013-07-22,0.0060
2013-07-19,0.0050
2013-07-18,0.0014
2013-07-17,0.0013
2013-07-16,0.0016
2013-07-15,0.0013
2013-07-12,0.0016
2013-07-11,0.0010
2013-07-10,0.0005
2013-07-09,0.0004
2013-07-08,0.0005
2013-07-05,0.0004
2013-07-03,0.0005
2013-07-02,0.0007
2013-07-01,0.0006
2013-06-28,0.0007
2013-06-27,0.0009
2013-06-26,0.0009
2013-06-25,0.0012
2013-06-24,0.0014
2013-06-21,0.0016
2013-06-20,0.0017
2013-06-19,0.0016
2013-06-18,0.0016
2013-06-17,0.0020
2013-06-14,0.0022
2013-06-13,0.0020
2013-06-12,0.0018
2013-06-11,0.0018
2013-06-10,0.0020
2013-06-07,0.0025
2013-06-06,0.0031
2013-06-05,0.0029
2013-06-04,0.0036
2013-06-03,0.0042
2013-05-31,0.0046
2013-05-30,0.0040
2013-05-29,0.0045
2013-05-28,0.0044
2013-05-24,0.0045
2013-05-23,0.0037
2013-05-22,0.0027
2013-05-21,0.0034
2013-05-20,0.0035
2013-05-17,0.0012
2013-05-16,0.0015
2013-05-15,0.0016
2013-05-14,0.0020
2013-05-13,0.0023
2013-05-10,0.0027
2013-05-09,0.0028
2013-05-08,0.0031
2013-05-07,0.0033
2013-05-06,0.0029
2013-05-03,0.0027
2013-05-02,0.0034
2013-05-01,0.0020
2013-04-30,0.0025
2013-04-29,0.0032
2013-04-26,0.0040
2013-04-25,0.0035
2013-04-24,0.0044
2013-04-23,0.0040
2013-04-22,0.0040
2013-04-19,0.0036
2013-04-18,0.0033
2013-04-17,0.0029
2013-04-16,0.0034
2013-04-15,0.0032
2013-04-12,0.0033
2013-04-11,0.0034
2013-04-10,0.0035
2013-04-09,0.0034
2013-04-08,0.0033
2013-04-05,0.0031
2013-04-04,0.0030
2013-04-03,0.0027
2013-04-02,0.0029
2013-04-01,0.0032
2013-03-28,0.0039
2013-03-27,0.0044
2013-03-26,0.0043
2013-03-25,0.0049
2013-03-22,0.0057
2013-03-21,0.0064
2013-03-20,0.0079
2013-03-19,0.0092
2013-03-18,0.0103
2013-03-15,0.0056
2013-03-14,0.0070
2013-03-13,0.0063
2013-03-12,0.0066
2013-03-11,0.0070
2013-03-08,0.0076
2013-03-07,0.0070
2013-03-06,0.0076
2013-03-05,0.0046
2013-03-04,0.0033
2013-03-01,0.0042
2013-02-28,0.0052
2013-02-27,0.0053
2013-02-26,0.0054
2013-02-25,0.0043
2013-02-22,0.0054
2013-02-21,0.0055
2013-02-20,0.0044
2013-02-19,0.0031
2013-02-15,0.0026
2013-02-14,0.0021
2013-02-13,0.0014
2013-02-12,0.0017
2013-02-11,0.0022
2013-02-08,0.0027
2013-02-07,0.0034
2013-02-06,0.0042
2013-02-05,0.0041
2013-02-04,0.0051
2013-02-01,0.0064
2013-01-31,0.0080
2013-01-30,0.0075
2013-01-29,0.0045
2013-01-28,0.0044
2013-01-25,0.0055
2013-01-24,0.0045
2013-01-23,0.0044
2013-01-22,0.0031
2013-01-18,0.0038
2013-01-17,0.0036
2013-01-16,0.0033
2013-01-15,0.0029
2013-01-14,0.0036
2013-01-11,0.0033
2013-01-10,0.0041
2013-01-09,0.0051
2013-01-08,0.0051
2013-01-07,0.0052
2013-01-04,0.0053
2013-01-03,0.0054
2013-01-02,0.0067
2012-12-31,0.0048
2012-12-28,0.0035
2012-12-27,0.0032
2012-12-26,0.0040
2012-12-24,0.0050
2012-12-21,0.0039
2012-12-20,0.0048
2012-12-19,0.0060
2012-12-18,0.0051
2012-12-17,0.0039
2012-12-14,0.0037
2012-12-13,0.0034
2012-12-12,0.0030
2012-12-11,0.0038
2012-12-10,0.0048
2012-12-07,0.0047
2012-12-06,0.0047
2012-12-05,0.0047
2012-12-04,0.0046
2012-12-03,0.0045
2012-11-30,0.0045
2012-11-29,0.0032
2012-11-28,0.0015
2012-11-27,0.0019
2012-11-26,0.0024
2012-11-23,0.0030
2012-11-21,0.0037
2012-11-20,0.0046
2012-11-19,0.0058
2012-11-16,0.0072
2012-11-15,0.0078
2012-11-14,0.0085
2012-11-13,0.0095
2012-11-12,0.0106
2012-11-09,0.0108
2012-11-08,0.0111
2012-11-07,0.0102
2012-11-06,0.0091
2012-11-05,0.0102
2012-11-02,0.0103
2012-11-01,0.0117
2012-10-31,0.0110
2012-10-26,0.0088
2012-10-25,0.0098
2012-10-24,0.0098
2012-10-23,0.0123
2012-10-22,0.0142
2012-10-19,0.0165
2012-10-18,0.0206
2012-10-17,0.0257
2012-10-16,0.0273
2012-10-15,0.0317
2012-10-12,0.0384
2012-10-11,0.0468
2012-10-10,0.0561
2012-10-09,0.0701
2012-10-08,0.0876
2012-10-05,0.1071
2012-10-04,0.1314
2012-10-03,0.1642
2012-10-02,0.2053
2012-10-01,0.2554
2012-09-28,0.3168
2012-09-27,0.3924
2012-09-26,0.4880
2012-09-25,0.6076
2012-09-24,0.0000
2012-09-21,0.0000
2012-09-20,0.0000
2012-09-19,0.0000
2012-09-18,0.0000
2012-09-17,0.0000
2012-09-14,0.0000
2012-09-13,0.0000
2012-09-12,0.0000
2012-09-11,0.0000
2012-09-10,0.0000
2012-09-07,0.0000
2012-09-06,0.0000
2012-09-05,0.0000
2012-09-04,0.0000
2012-08-31,0.0000
2012-08-30,0.0000
2012-08-29,0.0000
2012-08-28,0.0000
2012-08-27,0.0000
2012-08-24,0.0000
2012-08-23,0.0000
2012-08-22,0.0000
2012-08-21,0.0000
2012-08-20,0.0000
2012-08-17,0.0000
2012-08-16,0.0000
2012-08-15,0.0000
2012-08-14,0.0000
2012-08-13,0.0000
2012-08-10,0.0000
2012-08-09,0.0000
2012-08-08,0.0000
2012-08-07,0.0000
2012-08-06,0.0000
2012-08-03,0.0000
2012-08-02,0.0000
2012-08-01,0.0000
2012-07-31,0.0000
2012-07-30,0.0000
2012-07-27,0.0000
2012-07-26,0.0000
2012-07-25,0.0000
2012-07-24,0.0000
2012-07-23,0.0000
2012-07-20,0.0000
2012-07-19,0.0000
2012-07-18,0.0000
2012-07-17,0.0000
2012-07-16,0.0000
2012-07-13,0.0000
2012-07-12,0.0000
2012-07-11,0.0000
2012-07-10,0.0000
2012-07-09,0.0000
2012-07-06,0.0000
2012-07-05,0.0000
2012-07-03,0.0000
2012-07-02,0.0000
2012-06-29,0.0000
2012-06-28,0.0000
2012-06-27,0.0000
2012-06-26,0.0000
2012-06-25,0.0000
2012-06-22,0.0000
2012-06-21,0.0000
2012-06-20,0.0000
2012-06-19,0.0000
2012-06-18,0.0000
2012-06-15,0.0000
2012-06-14,0.0000
2012-06-13,0.0000
2012-06-12,0.0000
2012-06-11,0.0000
2012-06-08,0.0000
2012-06-07,0.0000
2012-06-06,0.0000
2012-06-05,0.0000
2012-06-04,0.0000
2012-06-01,0.0000
2012-05-31,0.0000
2012-05-30,0.0000
2012-05-29,0.0000
2012-05-25,0.0000
2012-05-24,0.0000
2012-05-23,0.0000
2012-05-22,0.0000
2012-05-21,0.0000
2012-05-18,0.0000
2012-05-17,0.0000
2012-05-16,0.0000
2012-05-15,0.0000
2012-05-14,0.0000
2012-05-11,0.0000
2012-05-10,0.0000
2012-05-09,0.0000
2012-05-08,0.0000
2012-05-07,0.0000
2012-05-04,0.0000
2012-05-03,0.0000
2012-05-02,0.0000
2012-05-01,0.0000
2012-04-30,0.0000
2012-04-27,0.0000
2012-04-26,0.0000
2012-04-25,0.0000
2012-04-24,0.0000
2012-04-23,0.0000
2012-04-20,0.0000
2012-04-19,0.0000
2012-04-18,0.0000
2012-04-17,0.0000
2012-04-16,0.0000
2012-04-13,0.0000
2012-04-12,0.0000
2012-04-11,0.0000
2012-04-10,0.0000
2012-04-09,0.0000
2012-04-05,0.0000
2012-04-04,0.0000
2012-04-03,0.0000
2012-04-02,0.0000
2012-03-30,0.0000
2012-03-29,0.0000
2012-03-28,0.0000
2012-03-27,0.0000
2012-03-26,0.0000
2012-03-23,0.0000
2012-03-22,0.0000
2012-03-21,0.0000
2012-03-20,0.0000
2012-03-19,0.0000
2012-03-16,0.0000
2012-03-15,0.0000
2012-03-14,0.0000
2012-03-13,0.0000
2012-03-12,0.0000
2012-03-09,0.0000
2012-03-08,0.0000
2012-03-07,0.0000
2012-03-06,0.0000
2012-03-05,0.0000
2012-03-02,0.0000
2012-03-01,0.0000
2012-02-29,0.0000
2012-02-28,0.0000
2012-02-27,0.0000
2012-02-24,0.0000
2012-02-23,0.0000
2012-02-22,0.0000
2012-02-21,0.0000
2012-02-17,0.0000
2012-02-16,0.0000
2012-02-15,0.0000
2012-02-14,0.0000
2012-02-13,0.0000
2012-02-10,0.0000
2012-02-09,0.0000
2012-02-08,0.0000
2012-02-07,0.0000
2012-02-06,0.0000
2012-02-03,0.0000
2012-02-02,0.0000
2012-02-01,0.0000
2012-01-31,0.0000
2012-01-30,0.0000
2012-01-27,0.0000
2012-01-26,0.0000
2012-01-25,0.0000
2012-01-24,0.0000
2012-01-23,0.0000
2012-01-20,0.0001
2012-01-19,0.0001
2012-01-18,0.0001
2012-01-17,0.0001
2012-01-13,0.0001
2012-01-12,0.0002
2012-01-11,0.0002
2012-01-10,0.0002
2012-01-09,0.0003
2012-01-06,0.0004
2012-01-05,0.0005
2012-01-04,0.0006
2012-01-03,0.0007
2011-12-30,0.0009
2011-12-29,0.0011
2011-12-28,0.0014
2011-12-27,0.0018
2011-12-23,0.0022
2011-12-22,0.0028
2011-12-21,0.0035
2011-12-20,0.0043
2011-12-19,0.0054
2011-12-16,0.0068
2011-12-15,0.0085
2011-12-14,0.0106
2011-12-13,0.0133
2011-12-12,0.0166
2011-12-09,0.0207
2011-12-08,0.0259
2011-12-07,0.0324
2011-12-06,0.0405
2011-12-05,0.0506
2011-12-02,0.0633
2011-12-01,0.0791
2011-11-30,0.0989
2011-11-29,0.1236
2011-11-28,0.1545
2011-11-25,0.1931
2011-11-23,0.2414
2011-11-22,0.3018
2011-11-21,0.3772
2011-11-18,0.4715
2011-11-17,0.5894
2011-11-16,0.0198
2011-11-15,0.0174
2011-11-14,0.0157
2011-11-11,0.0123
2011-11-10,0.0142
2011-11-09,0.0153
2011-11-08,0.0167
2011-11-07,0.0161
2011-11-04,0.0152
2011-11-03,0.0166
2011-11-02,0.0195
2011-11-01,0.0220
2011-10-31,0.0238
2011-10-28,0.0200
2011-10-27,0.0201
2011-10-26,0.0203
2011-10-25,0.0193
2011-10-24,0.0229
2011-10-21,0.0238
2011-10-20,0.0236
2011-10-19,0.0271
2011-10-18,0.0314
2011-10-17,0.0259
2011-10-14,0.0251
2011-10-13,0.0253
2011-10-12,0.0292
2011-10-11,0.0268
2011-10-10,0.0262
2011-10-07,0.0218
2011-10-06,0.0150
2011-10-05,0.0151
2011-10-04,0.0165
2011-10-03,0.0170
2011-09-30,0.0188
2011-09-29,0.0223
2011-09-28,0.0242
2011-09-27,0.0278
2011-09-26,0.0262
2011-09-23,0.0218
2011-09-22,0.0175
2011-09-21,0.0171
2011-09-20,0.0177
2011-09-19,0.0160
2011-09-16,0.0164
2011-09-15,0.0168
2011-09-14,0.0137
2011-09-13,0.0159
2011-09-12,0.0163
2011-09-09,0.0143
2011-09-08,0.0154
2011-09-07,0.0168
2011-09-06,0.0186
2011-09-02,0.0184
2011-09-01,0.0205
2011-08-31,0.0232
2011-08-30,0.0266
2011-08-29,0.0259
2011-08-26,0.0227
2011-08-25,0.0235
2011-08-24,0.0281
2011-08-23,0.0254
2011-08-22,0.0269
2011-08-19,0.0275
2011-08-18,0.0271
2011-08-17,0.0290
2011-08-16,0.0314
2011-08-15,0.0332
2011-08-12,0.0390
2011-08-11,0.0427
2011-08-10,0.0436
2011-08-09,0.0448
2011-08-08,0.0377
2011-08-05,0.0362
2011-08-04,0.0295
2011-08-03,0.0332
2011-08-02,0.0329
2011-08-01,0.0339
2011-07-29,0.0314
2011-07-28,0.0320
2011-07-27,0.0302
2011-07-26,0.0256
2011-07-25,0.0235
2011-07-22,0.0233
2011-07-21,0.0254
2011-07-20,0.0269
2011-07-19,0.0276
2011-07-18,0.0321
2011-07-15,0.0340
2011-07-14,0.0376
2011-07-13,0.0385
2011-07-12,0.0275
2011-07-11,0.0234
2011-07-08,0.0207
2011-07-07,0.0198
2011-07-06,0.0211
2011-07-05,0.0227
2011-07-01,0.0186
2011-06-30,0.0209
2011-06-29,0.0224
2011-06-28,0.0220
2011-06-27,0.0226
2011-06-24,0.0234
2011-06-23,0.0231
2011-06-22,0.0253
2011-06-21,0.0279
2011-06-20,0.0325
2011-06-17,0.0321
2011-06-16,0.0364
2011-06-15,0.0407
2011-06-14,0.0472
2011-06-13,0.0392
2011-06-10,0.0328
2011-06-09,0.0289
2011-06-08,0.0312
2011-06-07,0.0317
2011-06-06,0.0324
2011-06-03,0.0344
2011-06-02,0.0405
2011-06-01,0.0446
2011-05-31,0.0496
2011-05-27,0.0535
2011-05-26,0.0645
2011-05-25,0.0794
2011-05-24,0.0980
2011-05-23,0.1201
2011-05-20,0.1477
2011-05-19,0.1821
2011-05-18,0.2252
2011-05-17,0.2779
2011-05-16,0.3425
2011-05-13,0.4245
2011-05-12,0.5282
2011-05-11,0.6529
2011-05-10,0.8137
2011-05-09,1.0159
2011-05-06,1.2674
2011-05-05,1.5794
2011-05-04,1.2695
2011-05-03,0.8821
2011-05-02,1.0953
2011-04-29,1.3618
2011-04-28,1.6950
2011-04-27,1.2493
2011-04-26,0.6406
2011-04-21,0.7443
2011-04-20,0.9268
2011-04-19,1.1536
2011-04-18,1.4371
2011-04-15,0.8376
2011-04-14,0.0857
2011-04-13,0.1046
2011-04-12,0.1235
2011-04-11,0.1459
2011-04-08,0.1775
2011-04-07,0.2182
2011-04-06,0.2679
2011-04-05,0.3263
2011-04-04,0.4030
2011-04-01,0.4977
2011-03-31,0.6161
2011-03-30,0.7652
2011-03-29,0.9468
2011-03-28,1.1762
2011-03-25,1.4666
2011-03-24,1.8296
2011-03-23,2.2821
2011-03-22,2.8478
2011-03-21,2.3583
2011-03-18,1.7367
2011-03-17,2.1648
2011-03-16,2.6902
2011-03-15,2.1894
2011-03-14,1.6011
2011-03-11,1.9600
2011-03-10,2.4354
2011-03-09,3.0345
2011-03-08,2.7701
2011-03-07,2.4385
2011-03-04,1.9516
2011-03-03,1.3502
2011-03-02,1.6853
2011-03-01,2.0944
2011-02-28,2.6120
2011-02-25,2.2686
2011-02-24,1.8600
2011-02-23,2.3189
2011-02-22,2.8914
2011-02-18,2.6610
2011-02-17,2.3889
2011-02-16,1.9253
2011-02-15,1.3496
2011-02-14,1.6821
2011-02-11,1.0144
2011-02-10,1.0967
2011-02-09,0.1176
2011-02-08,0.1397
2011-02-07,0.1697
2011-02-04,0.2024
2011-02-03,0.2420
2011-02-02,0.2977
2011-02-01,0.3636
2011-01-31,0.4435
2011-01-28,0.5447
2011-01-27,0.6663
2011-01-26,0.6802
2011-01-25,0.7025
2011-01-24,0.8721
2011-01-21,1.0779
2011-01-20,1.3353
2011-01-19,0.8305
2011-01-18,0.2008
2011-01-14,0.2352
2011-01-13,0.2807
2011-01-12,0.3411
2011-01-11,0.4191
2011-01-10,0.5105
2011-01-07,0.6308
2011-01-06,0.7787
2011-01-05,0.9673
2011-01-04,1.1970
2011-01-03,1.1309
2010-12-31,1.0471
2010-12-30,0.5451
2010-12-29,0.6389
2010-12-28,0.3638
2010-12-27,0.4346
2010-12-23,0.1530
2010-12-22,0.1851
2010-12-21,0.2168
2010-12-20,0.2612
2010-12-17,0.3193
2010-12-16,0.3845
2010-12-15,0.4624
2010-12-14,0.5731
2010-12-13,0.7042
2010-12-10,0.8644
2010-12-09,1.0793
2010-12-08,1.3467
2010-12-07,1.6773
2010-12-06,2.0942
2010-12-03,2.6128
2010-12-02,2.1244
2010-12-01,1.5126
2010-11-30,1.8883
2010-11-29,2.3567
2010-11-26,1.9106
2010-11-24,1.3529
2010-11-23,1.6066
2010-11-22,1.4306
2010-11-19,1.2928
2010-11-18,1.6124
2010-11-17,0.9914
2010-11-16,0.2202
2010-11-15,0.2704
2010-11-12,0.3319
2010-11-11,0.4087
2010-11-10,0.5012
2010-11-09,0.6228
2010-11-08,0.7700
2010-11-05,0.9504
2010-11-04,1.1770
2010-11-03,1.4615
2010-11-02,1.8221
2010-11-01,1.1124
2010-10-29,0.2192
2010-10-28,0.2667
2010-10-27,0.3322
2010-10-26,0.4067
2010-10-25,0.5023
2010-10-22,0.6170
2010-10-21,0.7627
2010-10-20,0.9509
2010-10-19,1.1862
2010-10-18,1.4816
2010-10-15,1.8495
2010-10-14,1.0549
2010-10-13,0.0616
2010-10-12,0.0722
2010-10-11,0.0878
2010-10-08,0.1085
2010-10-07,0.1308
2010-10-06,0.1586
2010-10-05,0.1934
2010-10-04,0.2393
2010-10-01,0.2955
2010-09-30,0.3657
2010-09-29,0.4534
2010-09-28,0.5631
2010-09-27,0.7027
2010-09-24,0.8772
2010-09-23,1.0940
2010-09-22,1.3663
2010-09-21,1.7006
2010-09-20,0.9563
2010-09-17,0.0199
2010-09-16,0.0200
2010-09-15,0.0213
2010-09-14,0.0217
2010-09-13,0.0260
2010-09-10,0.0239
2010-09-09,0.0275
2010-09-08,0.0319
2010-09-07,0.0399
2010-09-03,0.0462
2010-09-02,0.0554
2010-09-01,0.0656
2010-08-31,0.0807
2010-08-30,0.0997
2010-08-27,0.1185
2010-08-26,0.1433
2010-08-25,0.1743
2010-08-24,0.2154
2010-08-23,0.2680
2010-08-20,0.3314
2010-08-19,0.4106
2010-08-18,0.5120
2010-08-17,0.6376
2010-08-16,0.7933
2010-08-13,0.9892
2010-08-12,1.2353
2010-08-11,1.5380
2010-08-10,1.9189
2010-08-09,2.3937
2010-08-06,1.4584
2010-08-05,0.2881
2010-08-04,0.3564
2010-08-03,0.4443
2010-08-02,0.5505
2010-07-30,0.6845
2010-07-29,0.8520
2010-07-28,1.0614
2010-07-27,1.3218
2010-07-26,1.6438
2010-07-23,0.9600
2010-07-22,0.0992
2010-07-21,0.1228
2010-07-20,0.1462
2010-07-19,0.1779
2010-07-16,0.2163
2010-07-15,0.2680
2010-07-14,0.3337
2010-07-13,0.4135
2010-07-12,0.5145
2010-07-09,0.6382
2010-07-08,0.7929
2010-07-07,0.9875
2010-07-06,1.2319
2010-07-02,0.6616
2010-07-01,0.7796
2010-06-30,0.0499
2010-06-29,0.0575
2010-06-28,0.0645
2010-06-25,0.0685
2010-06-24,0.0771
2010-06-23,0.0927
2010-06-22,0.1123
2010-06-21,0.1282
2010-06-18,0.1566
2010-06-17,0.1908
2010-06-16,0.2361
2010-06-15,0.2915
2010-06-14,0.3176
2010-06-11,0.3552
2010-06-10,0.4391
2010-06-09,0.5452
2010-06-08,0.6803
2010-06-07,0.8443
2010-06-04,1.0554
2010-06-03,1.3180
2010-06-02,1.6451
2010-06-01,2.0552
2010-05-28,1.4094
2010-05-27,0.6058
2010-05-26,0.7536
2010-05-25,0.9396
2010-05-24,1.1733
2010-05-21,1.4629
2010-05-20,1.8189
2010-05-19,2.2737
2010-05-18,2.8409
2010-05-17,2.5064
2010-05-14,2.9955
2010-05-13,3.6219
2010-05-12,3.2251
2010-05-11,2.7741
2010-05-10,2.2176
2010-05-07,1.6072
2010-05-06,1.8190
2010-05-05,2.1488
2010-05-04,2.5760
2010-05-03,3.1299
2010-04-30,3.8549
2010-04-29,3.3387
2010-04-28,2.9372
2010-04-27,2.4365
2010-04-26,1.6856
2010-04-23,0.7470
2010-04-22,0.9302
2010-04-21,1.1615
2010-04-20,1.4482
2010-04-19,1.8066
2010-04-16,2.2558
2010-04-15,2.8186
2010-04-14,1.8568
2010-04-13,2.3135
2010-04-12,2.8844
2010-04-09,3.4280
2010-04-08,4.2750
2010-04-07,3.8546
2010-04-06,3.1615
2010-04-01,3.8994
2010-03-31,3.1603
2010-03-30,3.9479
2010-03-29,3.0972
2010-03-26,3.8115
2010-03-25,2.9927
2010-03-24,3.7360
2010-03-23,4.6640
2010-03-22,4.1745
2010-03-19,3.5664
2010-03-18,2.7126
2010-03-17,3.3907
2010-03-16,2.4772
2010-03-15,3.0941
2010-03-12,3.8651
2010-03-11,3.0654
2010-03-10,2.0669
2010-03-09,2.5260
2010-03-08,3.1025
2010-03-05,3.8744
2010-03-04,3.0218
2010-03-03,1.9572
2010-03-02,2.4416
2010-03-01,3.0520
2010-02-26,2.2064
2010-02-25,1.1445
2010-02-24,1.4294
2010-02-23,1.7831
2010-02-22,2.2241
2010-02-19,1.2854
2010-02-18,0.1168
2010-02-17,0.1424
2010-02-16,0.1756
2010-02-12,0.2097
2010-02-11,0.2597
2010-02-10,0.3186
2010-02-09,0.3934
2010-02-08,0.4893
2010-02-05,0.6019
2010-02-04,0.7450
2010-02-03,0.9289
2010-02-02,1.1562
2010-02-01,1.4428
2010-01-29,1.7975
2010-01-28,2.2383
2010-01-27,2.7955
2010-01-26,2.6616
2010-01-25,2.4613
2010-01-22,3.0705
2010-01-21,3.8285
2010-01-20,3.0555
2010-01-19,2.0989
2010-01-15,2.6091
2010-01-14,1.4076
2010-01-13,1.5220
2010-01-12,1.8075
2010-01-11,2.0343
2010-01-08,0.3216
2010-01-07,0.3984
2010-01-06,0.4931
2010-01-05,0.6128
2010-01-04,0.7623
2009-12-31,0.9517
2009-12-30,1.1847
2009-12-29,1.4748
2009-12-28,0.8223
2009-12-24,0.0102
2009-12-23,0.0115
2009-12-22,0.0119
2009-12-21,0.0137
2009-12-18,0.0171
2009-12-17,0.0190
2009-12-16,0.0213
2009-12-15,0.0241
2009-12-14,0.0253
2009-12-11,0.0207
2009-12-10,0.0210
2009-12-09,0.0189
2009-12-08,0.0200
2009-12-07,0.0202
2009-12-04,0.0216
2009-12-03,0.0221
2009-12-02,0.0227
2009-12-01,0.0248
2009-11-30,0.0212
2009-11-27,0.0217
2009-11-25,0.0173
2009-11-24,0.0180
2009-11-23,0.0177
2009-11-20,0.0136
2009-11-19,0.0145
2009-11-18,0.0157
2009-11-17,0.0172
2009-11-16,0.0191
2009-11-13,0.0190
2009-11-12,0.0214
2009-11-11,0.0230
2009-11-10,0.0239
2009-11-09,0.0202
2009-11-06,0.0167
2009-11-05,0.0185
2009-11-04,0.0207
2009-11-03,0.0210
2009-11-02,0.0250
2009-10-30,0.0227
2009-10-29,0.0199
2009-10-28,0.0175
2009-10-27,0.0183
2009-10-26,0.0180
2009-10-23,0.0188
2009-10-22,0.0199
2009-10-21,0.0212
2009-10-20,0.0229
2009-10-19,0.0237
2009-10-16,0.0248
2009-10-15,0.0273
2009-10-14,0.0293
2009-10-13,0.0293
2009-10-12,0.0306
2009-10-09,0.0346
2009-10-08,0.0359
2009-10-07,0.0376
2009-10-06,0.0421
2009-10-05,0.0417
2009-10-02,0.0436
2009-10-01,0.0387
2009-09-30,0.0423
2009-09-29,0.0456
2009-09-28,0.0449
2009-09-25,0.0463
2009-09-24,0.0312
2009-09-23,0.0280
2009-09-22,0.0265
2009-09-21,0.0295
2009-09-18,0.0332
2009-09-17,0.0378
2009-09-16,0.0424
2009-09-15,0.0433
2009-09-14,0.0432
2009-09-11,0.0430
2009-09-10,0.0368
2009-09-09,0.0411
2009-09-08,0.0404
2009-09-04,0.0310
2009-09-03,0.0351
2009-09-02,0.0403
2009-09-01,0.0443
2009-08-31,0.0444
2009-08-28,0.0372
2009-08-27,0.0417
2009-08-26,0.0411
2009-08-25,0.0441
2009-08-24,0.0369
2009-08-21,0.0279
2009-08-20,0.0190
2009-08-19,0.0177
2009-08-18,0.0197
2009-08-17,0.0173
2009-08-14,0.0143
2009-08-13,0.0142
2009-08-12,0.0141
2009-08-11,0.0165
2009-08-10,0.0169
2009-08-07,0.0199
2009-08-06,0.0213
2009-08-05,0.0205
2009-08-04,0.0220
2009-08-03,0.0238
2009-07-31,0.0249
2009-07-30,0.0226
2009-07-29,0.0234
2009-07-28,0.0220
2009-07-27,0.0251
2009-07-24,0.0228
2009-07-23,0.0212
2009-07-22,0.0229
2009-07-21,0.0262
2009-07-20,0.0291
2009-07-17,0.0303
2009-07-16,0.0293
2009-07-15,0.0269
2009-07-14,0.0300
2009-07-13,0.0302
2009-07-10,0.0341
2009-07-09,0.0378
2009-07-08,0.0387
2009-07-07,0.0362
2009-07-06,0.0331
2009-07-02,0.0340
2009-07-01,0.0304
2009-06-30,0.0306
2009-06-29,0.0347
2009-06-26,0.0397
2009-06-25,0.0374
2009-06-24,0.0395
2009-06-23,0.0384
2009-06-22,0.0383
2009-06-19,0.0454
2009-06-18,0.0543
2009-06-17,0.0655
2009-06-16,0.0733
2009-06-15,0.0868
2009-06-12,0.0951
2009-06-11,0.1019
2009-06-10,0.1237
2009-06-09,0.1534
2009-06-08,0.1024
2009-06-05,0.0349
2009-06-04,0.0363
2009-06-03,0.0357
2009-06-02,0.0397
2009-06-01,0.0436
2009-05-29,0.0448
2009-05-28,0.0438
2009-05-27,0.0475
2009-05-26,0.0484
2009-05-22,0.0361
2009-05-21,0.0354
2009-05-20,0.0370
2009-05-19,0.0414
2009-05-18,0.0493
2009-05-15,0.0519
2009-05-14,0.0539
2009-05-13,0.0442
2009-05-12,0.0261
2009-05-11,0.0265
2009-05-08,0.0271
2009-05-07,0.0302
2009-05-06,0.0305
2009-05-05,0.0174
2009-05-04,0.0206
2009-05-01,0.0245
2009-04-30,0.0209
2009-04-29,0.0188
2009-04-28,0.0162
2009-04-27,0.0202
2009-04-24,0.0229
2009-04-23,0.0213
2009-04-22,0.0230
2009-04-21,0.0287
2009-04-20,0.0359
2009-04-17,0.0448
2009-04-16,0.0524
2009-04-15,0.0643
2009-04-14,0.0804
2009-04-13,0.0608
2009-04-09,0.0364
2009-04-08,0.0345
2009-04-07,0.0310
2009-04-06,0.0241
2009-04-03,0.0168
2009-04-02,0.0125
2009-04-01,0.0119
2009-03-31,0.0113
2009-03-30,0.0092
2009-03-27,0.0091
2009-03-26,0.0089
2009-03-25,0.0075
2009-03-24,0.0094
2009-03-23,0.0093
2009-03-20,0.0104
2009-03-19,0.0130
2009-03-18,0.0138
2009-03-17,0.0123
2009-03-16,0.0118
2009-03-13,0.0111
2009-03-12,0.0065
2009-03-11,0.0082
2009-03-10,0.0090
2009-03-09,0.0100
2009-03-06,0.0113
2009-03-05,0.0105
2009-03-04,0.0071
2009-03-03,0.0064
2009-03-02,0.0056
2009-02-27,0.0070
2009-02-26,0.0075
2009-02-25,0.0093
2009-02-24,0.0117
2009-02-23,0.0134
2009-02-20,0.0131
2009-02-19,0.0127
2009-02-18,0.0135
2009-02-17,0.0144
2009-02-13,0.0168
2009-02-12,0.0149
2009-02-11,0.0125
2009-02-10,0.0144
2009-02-09,0.0144
2009-02-06,0.0131
2009-02-05,0.0152
2009-02-04,0.0177
2009-02-03,0.0185
2009-02-02,0.0207
2009-01-30,0.0259
2009-01-29,0.0323
2009-01-28,0.0404
2009-01-27,0.0444
2009-01-26,0.0341
2009-01-23,0.0223
2009-01-22,0.0230
2009-01-21,0.0215
2009-01-20,0.0195
2009-01-16,0.0220
2009-01-15,0.0202
2009-01-14,0.0179
2009-01-13,0.0151
2009-01-12,0.0189
2009-01-09,0.0175
2009-01-08,0.0194
2009-01-07,0.0219
2009-01-06,0.0237
2009-01-05,0.0272
2009-01-02,0.0206
2008-12-31,0.0202
2008-12-30,0.0252
2008-12-29,0.0283
2008-12-26,0.0235
2008-12-24,0.0138
2008-12-23,0.0172
2008-12-22,0.0215
2008-12-19,0.0230
2008-12-18,0.0249
2008-12-17,0.0299
2008-12-16,0.0373
2008-12-15,0.0430
2008-12-12,0.0501
2008-12-11,0.0614
2008-12-10,0.0768
2008-12-09,0.0938
2008-12-08,0.1148
2008-12-05,0.1413
2008-12-04,0.1766
2008-12-03,0.2147
2008-12-02,0.2635
2008-12-01,0.3282
2008-11-28,0.4090
2008-11-26,0.5039
2008-11-25,0.6275
2008-11-24,0.7758
2008-11-21,0.9576
2008-11-20,1.1909
2008-11-19,1.4862
2008-11-18,1.8578
2008-11-17,2.3161
2008-11-14,2.8891
2008-11-13,3.6077
2008-11-12,2.0438
2008-11-11,0.0939
2008-11-10,0.1137
2008-11-07,0.1385
2008-11-06,0.1731
2008-11-05,0.2151
2008-11-04,0.2665
2008-11-03,0.3319
2008-10-31,0.4136
2008-10-30,0.5073
2008-10-29,0.6232
2008-10-28,0.7717
2008-10-27,0.9573
2008-10-24,1.1833
2008-10-23,1.4755
2008-10-22,1.8346
2008-10-21,2.2932
2008-10-20,2.8544
2008-10-17,3.5631
2008-10-16,4.4393
2008-10-15,5.5394
2008-10-14,6.9230
2008-10-13,5.2049
2008-10-10,3.0548
2008-10-09,3.8087
2008-10-08,4.7561
2008-10-07,2.5222
2008-10-06,2.9727
2008-10-03,0.1313
2008-10-02,0.1519
2008-10-01,0.1863
2008-09-30,0.2146
2008-09-29,0.2536
2008-09-26,0.3109
2008-09-25,0.3814
2008-09-24,0.4743
2008-09-23,0.5722
2008-09-22,0.6836
2008-09-19,0.8399
2008-09-18,1.0353
2008-09-17,1.2795
2008-09-16,1.5872
2008-09-15,1.9767
2008-09-12,2.4685
2008-09-11,3.0698
2008-09-10,3.8226
2008-09-09,4.7758
2008-09-08,5.9576
2008-09-05,2.9135
2008-09-04,3.6419
2008-09-03,0.0298
2008-09-02,0.0324
2008-08-29,0.0308
2008-08-28,0.0337
2008-08-27,0.0323
2008-08-26,0.0392
2008-08-25,0.0356
2008-08-22,0.0397
2008-08-21,0.0447
2008-08-20,0.0486
2008-08-19,0.0364
2008-08-18,0.0358
2008-08-15,0.0350
2008-08-14,0.0413
2008-08-13,0.0444
2008-08-12,0.0494
2008-08-11,0.0447
2008-08-08,0.0291
2008-08-07,0.0315
2008-08-06,0.0370
2008-08-05,0.0353
2008-08-04,0.0344
2008-08-01,0.0369
2008-07-31,0.0340
2008-07-30,0.0412
2008-07-29,0.0479
2008-07-28,0.0465
2008-07-25,0.0533
2008-07-24,0.0568
2008-07-23,0.0650
2008-07-22,0.0666
2008-07-21,0.0674
2008-07-18,0.0612
2008-07-17,0.0619
2008-07-16,0.0737
2008-07-15,0.0872
2008-07-14,0.0969
2008-07-11,0.0907
2008-07-10,0.1036
2008-07-09,0.1150
2008-07-08,0.1121
2008-07-07,0.0890
2008-07-03,0.0747
2008-07-02,0.0752
2008-07-01,0.0672
2008-06-30,0.0755
2008-06-27,0.0725
2008-06-26,0.0565
2008-06-25,0.0633
2008-06-24,0.0622
2008-06-23,0.0692
2008-06-20,0.0719
2008-06-19,0.0813
2008-06-18,0.0883
2008-06-17,0.0994
2008-06-16,0.1121
2008-06-13,0.1304
2008-06-12,0.1508
2008-06-11,0.1715
2008-06-10,0.2022
2008-06-09,0.1523
2008-06-06,0.0850
2008-06-05,0.0771
2008-06-04,0.0732
2008-06-03,0.0526
2008-06-02,0.0609
2008-05-30,0.0664
2008-05-29,0.0671
2008-05-28,0.0766
2008-05-27,0.0763
2008-05-23,0.0796
2008-05-22,0.0679
2008-05-21,0.0593
2008-05-20,0.0644
2008-05-19,0.0659
2008-05-16,0.0483
2008-05-15,0.0409
2008-05-14,0.0317
2008-05-13,0.0286
2008-05-12,0.0273
2008-05-09,0.0268
2008-05-08,0.0298
2008-05-07,0.0300
2008-05-06,0.0314
2008-05-05,0.0344
2008-05-02,0.0381
2008-05-01,0.0428
2008-04-30,0.0510
2008-04-29,0.0504
2008-04-28,0.0557
2008-04-25,0.0497
2008-04-24,0.0446
2008-04-23,0.0460
2008-04-22,0.0526
2008-04-21,0.0609
2008-04-18,0.0713
2008-04-17,0.0830
2008-04-16,0.0977
2008-04-15,0.1172
2008-04-14,0.1405
2008-04-11,0.1707
2008-04-10,0.2073
2008-04-09,0.2591
2008-04-08,0.3166
2008-04-07,0.3897
2008-04-04,0.4859
2008-04-03,0.6037
2008-04-02,0.7498
2008-04-01,0.9287
2008-03-31,1.1475
2008-03-28,1.4270
2008-03-27,1.7741
2008-03-26,2.1872
2008-03-25,2.7181
2008-03-24,3.3913
2008-03-20,4.2253
2008-03-19,5.2792
2008-03-18,6.5917
2008-03-17,3.6732
2008-03-14,0.0349
2008-03-13,0.0437
2008-03-12,0.0437
2008-03-11,0.0485
2008-03-10,0.0533
2008-03-07,0.0496
2008-03-06,0.0571
2008-03-05,0.0568
2008-03-04,0.0564
2008-03-03,0.0535
2008-02-29,0.0596
2008-02-28,0.0611
2008-02-27,0.0727
2008-02-26,0.0861
2008-02-25,0.0978
2008-02-22,0.1223
2008-02-21,0.1504
2008-02-20,0.1856
2008-02-19,0.2247
2008-02-15,0.2736
2008-02-14,0.3347
2008-02-13,0.4111
2008-02-12,0.5005
2008-02-11,0.6098
2008-02-08,0.7549
2008-02-07,0.9376
2008-02-06,1.1647
2008-02-05,1.4486
2008-02-04,1.7949
2008-02-01,2.2339
2008-01-31,2.7814
2008-01-30,3.4646
2008-01-29,4.3198
2008-01-28,5.3912
2008-01-25,6.7273
2008-01-24,8.3909
2008-01-23,10.4570
2008-01-22,7.8437
2008-01-18,4.6149
2008-01-17,5.7552
2008-01-16,7.1867
2008-01-15,8.9737
2008-01-14,11.2037
2008-01-11,7.8763
2008-01-10,3.7413
2008-01-09,4.6633
2008-01-08,5.8011
2008-01-07,7.2271
2008-01-04,9.0241
2008-01-03,5.1822
2008-01-02,0.3737
2007-12-31,0.4538
2007-12-28,0.5611
2007-12-27,0.6965
2007-12-26,0.8129
2007-12-24,0.9583
2007-12-21,1.1857
2007-12-20,1.4687
2007-12-19,1.8249
2007-12-18,2.2726
2007-12-17,2.8335
2007-12-14,3.5224
2007-12-13,4.3519
2007-12-12,5.4131
2007-12-11,6.7591
2007-12-10,8.4282
2007-12-07,4.7165
2007-12-06,0.0939
2007-12-05,0.0809
2007-12-04,0.0937
2007-12-03,0.0811
2007-11-30,0.0727
2007-11-29,0.0813
2007-11-28,0.0857
2007-11-27,0.0922
2007-11-26,0.0812
2007-11-23,0.0608
2007-11-21,0.0526
2007-11-20,0.0615
2007-11-19,0.0577
2007-11-16,0.0657
2007-11-15,0.0694
2007-11-14,0.0697
2007-11-13,0.0764
2007-11-12,0.0703
2007-11-09,0.0599
2007-11-08,0.0557
2007-11-07,0.0515
2007-11-06,0.0580
2007-11-05,0.0725
2007-11-02,0.0779
2007-11-01,0.0697
2007-10-31,0.0594
2007-10-30,0.0615
2007-10-29,0.0705
2007-10-26,0.0689
2007-10-25,0.0734
2007-10-24,0.0800
2007-10-23,0.0809
2007-10-22,0.0862
2007-10-19,0.0875
2007-10-18,0.1019
2007-10-17,0.0966
2007-10-16,0.0941
2007-10-15,0.1027
2007-10-12,0.1029
2007-10-11,0.1115
2007-10-10,0.1075
2007-10-09,0.0982
2007-10-08,0.0938
2007-10-05,0.0726
2007-10-04,0.0758
2007-10-03,0.0562
2007-10-02,0.0425
2007-10-01,0.0489
2007-09-28,0.0569
2007-09-27,0.0540
2007-09-26,0.0463
2007-09-25,0.0504
2007-09-24,0.0577
2007-09-21,0.0550
2007-09-20,0.0582
2007-09-19,0.0599
2007-09-18,0.0643
2007-09-17,0.0633
2007-09-14,0.0706
2007-09-13,0.0755
2007-09-12,0.0943
2007-09-11,0.1052
2007-09-10,0.0873
2007-09-07,0.0757
2007-09-06,0.0755
2007-09-05,0.0805
2007-09-04,0.0922
2007-08-31,0.1003
2007-08-30,0.1147
2007-08-29,0.0944
2007-08-28,0.0946
2007-08-27,0.1087
2007-08-24,0.1157
2007-08-23,0.1275
2007-08-22,0.1232
2007-08-21,0.1392
2007-08-20,0.1548
2007-08-17,0.1647
2007-08-16,0.1761
2007-08-15,0.1365
2007-08-14,0.1317
2007-08-13,0.1254
2007-08-10,0.1230
2007-08-09,0.1413
2007-08-08,0.1426
2007-08-07,0.1644
2007-08-06,0.1735
2007-08-03,0.1744
2007-08-02,0.1513
2007-08-01,0.1466
2007-07-31,0.1449
2007-07-30,0.1641
2007-07-27,0.1389
2007-07-26,0.1249
2007-07-25,0.1263
2007-07-24,0.1377
2007-07-23,0.1402
2007-07-20,0.1635
2007-07-19,0.1567
2007-07-18,0.1441
2007-07-17,0.1568
2007-07-16,0.1747
2007-07-13,0.1554
2007-07-12,0.1322
2007-07-11,0.1418
2007-07-10,0.1613
2007-07-09,0.1846
2007-07-06,0.2094
2007-07-05,0.2469
2007-07-03,0.2958
2007-07-02,0.3613
2007-06-29,0.3926
2007-06-28,0.4147
2007-06-27,0.4939
2007-06-26,0.5833
2007-06-25,0.7057
2007-06-22,0.8577
2007-06-21,1.0025
2007-06-20,1.1643
2007-06-19,1.4383
2007-06-18,1.7069
2007-06-15,2.0963
2007-06-14,2.5969
2007-06-13,3.2057
2007-06-12,3.9217
2007-06-11,2.2910
2007-06-08,0.1797
2007-06-07,0.2076
2007-06-06,0.1870
2007-06-05,0.1407
2007-06-04,0.1546
2007-06-01,0.1550
2007-05-31,0.1323
2007-05-30,0.1109
2007-05-29,0.1194
2007-05-25,0.1408
2007-05-24,0.1483
2007-05-23,0.1534
2007-05-22,0.1726
2007-05-21,0.2009
2007-05-18,0.2171
2007-05-17,0.2479
2007-05-16,0.2822
2007-05-15,0.3336
2007-05-14,0.3894
2007-05-11,0.4399
2007-05-10,0.5158
2007-05-09,0.6192
2007-05-08,0.7271
2007-05-07,0.8812
2007-05-04,1.0824
2007-05-03,1.3359
2007-05-02,1.6486
2007-05-01,2.0459
2007-04-30,2.5211
2007-04-27,3.1152
2007-04-26,3.8727
2007-04-25,2.1988
2007-04-24,0.1256
2007-04-23,0.0931
2007-04-20,0.0994
2007-04-19,0.1030
2007-04-18,0.0882
2007-04-17,0.0954
2007-04-16,0.0916
2007-04-13,0.0783
2007-04-12,0.0787
2007-04-11,0.0856
2007-04-10,0.0836
2007-04-05,0.0853
2007-04-04,0.1024
2007-04-03,0.0982
2007-04-02,0.1078
2007-03-30,0.1113
2007-03-29,0.1179
2007-03-28,0.0995
2007-03-27,0.1084
2007-03-26,0.1120
2007-03-23,0.1251
2007-03-22,0.1309
2007-03-21,0.1317
2007-03-20,0.1433
2007-03-19,0.1408
2007-03-16,0.1441
2007-03-15,0.1631
2007-03-14,0.1953
2007-03-13,0.1876
2007-03-12,0.1810
2007-03-09,0.2049
2007-03-08,0.1898
2007-03-07,0.1854
2007-03-06,0.1839
2007-03-05,0.1831
2007-03-02,0.1777
2007-03-01,0.1924
2007-02-28,0.2064
2007-02-27,0.1856
2007-02-26,0.1734
2007-02-23,0.2019
2007-02-22,0.2354
2007-02-21,0.2367
2007-02-20,0.2959
2007-02-16,0.3136
2007-02-15,0.3442
2007-02-14,0.4101
2007-02-13,0.4934
2007-02-12,0.5274
2007-02-09,0.6592
2007-02-08,0.8198
2007-02-07,1.0205
2007-02-06,1.2422
2007-02-05,1.5165
2007-02-02,1.8892
2007-02-01,2.3477
2007-01-31,2.9240
2007-01-30,3.6284
2007-01-29,4.5270
2007-01-26,2.5457
2007-01-25,0.0841
2007-01-24,0.0742
2007-01-23,0.0757
2007-01-22,0.0694
2007-01-19,0.0314
2007-01-18,0.0297
2007-01-17,0.0308
2007-01-16,0.0352
2007-01-12,0.0355
2007-01-11,0.0380
2007-01-10,0.0412
2007-01-09,0.0461
2007-01-08,0.0417
2007-01-05,0.0372
2007-01-04,0.0423
2007-01-03,0.0422
2006-12-29,0.0368
2006-12-28,0.0406
2006-12-27,0.0444
2006-12-22,0.0513
2006-12-21,0.0556
2006-12-20,0.0535
2006-12-19,0.0286
2006-12-18,0.0304
2006-12-15,0.0348
2006-12-14,0.0350
2006-12-13,0.0331
2006-12-12,0.0360
2006-12-11,0.0407
2006-12-08,0.0424
2006-12-07,0.0371
2006-12-06,0.0335
2006-12-05,0.0377
2006-12-04,0.0428
2006-12-01,0.0472
2006-11-30,0.0472
2006-11-29,0.0527
2006-11-28,0.0552
2006-11-27,0.0615
2006-11-24,0.0631
2006-11-22,0.0714
2006-11-21,0.0615
2006-11-20,0.0556
2006-11-17,0.0536
2006-11-16,0.0521
2006-11-15,0.0534
2006-11-14,0.0476
2006-11-13,0.0425
2006-11-10,0.0424
2006-11-09,0.0424
2006-11-08,0.0498
2006-11-07,0.0537
2006-11-06,0.0597
2006-11-03,0.0544
2006-11-02,0.0552
2006-11-01,0.0520
2006-10-31,0.0416
2006-10-30,0.0403
2006-10-27,0.0376
2006-10-26,0.0406
2006-10-25,0.0380
2006-10-24,0.0369
2006-10-23,0.0248
2006-10-20,0.0289
2006-10-19,0.0319
2006-10-18,0.0302
2006-10-17,0.0250
2006-10-16,0.0281
2006-10-13,0.0309
2006-10-12,0.0311
2006-10-11,0.0336
2006-10-10,0.0356
2006-10-09,0.0296
2006-10-06,0.0274
2006-10-05,0.0215
2006-10-04,0.0220
2006-10-03,0.0238
2006-10-02,0.0224
2006-09-29,0.0244
2006-09-28,0.0232
2006-09-27,0.0254
2006-09-26,0.0305
2006-09-25,0.0252
2006-09-22,0.0283
2006-09-21,0.0216
2006-09-20,0.0112
2006-09-19,0.0119
2006-09-18,0.0149
2006-09-15,0.0186
2006-09-14,0.0169
2006-09-13,0.0211
2006-09-12,0.0190
2006-09-11,0.0184
2006-09-08,0.0145
2006-09-07,0.0139
2006-09-06,0.0131
2006-09-05,0.0121
2006-09-01,0.0108
2006-08-31,0.0114
2006-08-30,0.0122
2006-08-29,0.0131
2006-08-28,0.0142
2006-08-25,0.0146
2006-08-24,0.0161
2006-08-23,0.0158
2006-08-22,0.0166
2006-08-21,0.0176
2006-08-18,0.0177
2006-08-17,0.0179
2006-08-16,0.0159
2006-08-15,0.0167
2006-08-14,0.0166
2006-08-11,0.0165
2006-08-10,0.0164
2006-08-09,0.0205
2006-08-08,0.0235
2006-08-07,0.0273
2006-08-04,0.0213
2006-08-03,0.0256
2006-08-02,0.0256
2006-08-01,0.0299
2006-07-31,0.0331
2006-07-28,0.0340
2006-07-27,0.0286
2006-07-26,0.0297
2006-07-25,0.0239
2006-07-24,0.0267
2006-07-21,0.0280
2006-07-20,0.0297
2006-07-19,0.0297
2006-07-18,0.0339
2006-07-17,0.0370
2006-07-14,0.0399
2006-07-13,0.0478
2006-07-12,0.0554
2006-07-11,0.0682
2006-07-10,0.0842
2006-07-07,0.1010
2006-07-06,0.1210
2006-07-05,0.1406
2006-07-03,0.1725
2006-06-30,0.2135
2006-06-29,0.2637
2006-06-28,0.3286
2006-06-27,0.4054
2006-06-26,0.5014
2006-06-23,0.6267
2006-06-22,0.7792
2006-06-21,0.9718
2006-06-20,1.2126
2006-06-19,1.5094
2006-06-16,1.8793
2006-06-15,2.3374
2006-06-14,2.9175
2006-06-13,3.6416
2006-06-12,2.0817
2006-06-09,0.1415
2006-06-08,0.1694
2006-06-07,0.2032
2006-06-06,0.2509
2006-06-05,0.3136
2006-06-02,0.3920
2006-06-01,0.4711
2006-05-31,0.5729
2006-05-30,0.7044
2006-05-26,0.8539
2006-05-25,1.0653
2006-05-24,1.3295
2006-05-23,1.6512
2006-05-22,2.0554
2006-05-19,2.5381
2006-05-18,3.1277
2006-05-17,1.0447
2006-05-16,0.2465
2006-05-15,0.3081
2006-05-12,0.3188
2006-05-11,0.2047
2006-05-10,0.1708
2006-05-09,0.2003
2006-05-08,0.2238
2006-05-05,0.2266
2006-05-04,0.2647
2006-05-03,0.2817
2006-05-02,0.2207
2006-04-28,0.2759
2006-04-27,0.2414
2006-04-26,0.2698
2006-04-25,0.2204
2006-04-24,0.2251
2006-04-21,0.2814
2006-04-20,0.2349
2006-04-19,0.2007
2006-04-18,0.1871
2006-04-13,0.2339
2006-04-12,0.1994
2006-04-11,0.1736
2006-04-10,0.2117
2006-04-07,0.2248
2006-04-06,0.1536
2006-04-05,0.1867
2006-04-04,0.1431
2006-04-03,0.1523
2006-03-31,0.1798
2006-03-30,0.1822
2006-03-29,0.1442
2006-03-28,0.1723
2006-03-27,0.2153
2006-03-24,0.2227
2006-03-23,0.2479
2006-03-22,0.2169
2006-03-21,0.2579
2006-03-20,0.2666
2006-03-17,0.2987
2006-03-16,0.3123
2006-03-15,0.3519
2006-03-14,0.3349
2006-03-13,0.3894
2006-03-10,0.3713
2006-03-09,0.4031
2006-03-08,0.4215
2006-03-07,0.4526
2006-03-06,0.3732
2006-03-03,0.3497
2006-03-02,0.3681
2006-03-01,0.2690
2006-02-28,0.2353
2006-02-27,0.2662
2006-02-24,0.1669
2006-02-23,0.2086
2006-02-22,0.2315
2006-02-21,0.1951
2006-02-17,0.1456
2006-02-16,0.1767
2006-02-15,0.1864
2006-02-14,0.1613
2006-02-13,0.1697
2006-02-10,0.1511
2006-02-09,0.1783
2006-02-08,0.1896
2006-02-07,0.1826
2006-02-06,0.2030
2006-02-03,0.2498
2006-02-02,0.1503
2006-02-01,0.1666
2006-01-31,0.1871
2006-01-30,0.1781
2006-01-27,0.2066
2006-01-26,0.2424
2006-01-25,0.2406
2006-01-24,0.1825
2006-01-23,0.2149
2006-01-20,0.2474
2006-01-19,0.2615
2006-01-18,0.2206
2006-01-17,0.1988
2006-01-13,0.1993
2006-01-12,0.1881
2006-01-11,0.1116
2006-01-10,0.1368
2006-01-09,0.1140
2006-01-06,0.1424
2006-01-05,0.1661
2006-01-04,0.1771
2006-01-03,0.0913
2005-12-30,0.1114
2005-12-29,0.1380
2005-12-28,0.1472
2005-12-27,0.1721
2005-12-23,0.1912
2005-12-22,0.1793
2005-12-21,0.1339
2005-12-20,0.1103
2005-12-19,0.1352
2005-12-16,0.1478
2005-12-15,0.1369
2005-12-14,0.1631
2005-12-13,0.1508
2005-12-12,0.1806
2005-12-09,0.1752
2005-12-08,0.2164
2005-12-07,0.1829
2005-12-06,0.1516
2005-12-05,0.1842
2005-12-02,0.2196
2005-12-01,0.2586
2005-11-30,0.1905
2005-11-29,0.2036
2005-11-28,0.2067
2005-11-25,0.1760
2005-11-23,0.1589
2005-11-22,0.1442
2005-11-21,0.1564
2005-11-18,0.1132
2005-11-17,0.1388
2005-11-16,0.1230
2005-11-15,0.1352
2005-11-14,0.1331
2005-11-11,0.1292
2005-11-10,0.1217
2005-11-09,0.1522
2005-11-08,0.1491
2005-11-07,0.1345
2005-11-04,0.1363
2005-11-03,0.1624
2005-11-02,0.1858
2005-11-01,0.2322
2005-10-31,0.1961
2005-10-28,0.1189
2005-10-27,0.1022
2005-10-26,0.0654
2005-10-25,0.0684
2005-10-24,0.0829
2005-10-21,0.0850
2005-10-20,0.0956
2005-10-19,0.0717
2005-10-18,0.0843
2005-10-17,0.1054
2005-10-14,0.1131
2005-10-13,0.1135
2005-10-12,0.0875
2005-10-11,0.1040
2005-10-10,0.1141
2005-10-07,0.1108
2005-10-06,0.0907
2005-10-05,0.1133
2005-10-04,0.1244
2005-10-03,0.1038
2005-09-30,0.0978
2005-09-29,0.1210
2005-09-28,0.1406
2005-09-27,0.1757
2005-09-26,0.1201
2005-09-23,0.1023
2005-09-22,0.1279
2005-09-21,0.1360
2005-09-20,0.1129
2005-09-19,0.0933
2005-09-16,0.0861
2005-09-15,0.1076
2005-09-14,0.1266
2005-09-13,0.1516
2005-09-12,0.1722
2005-09-09,0.1568
2005-09-08,0.1588
2005-09-07,0.1945
2005-09-06,0.1954
2005-09-02,0.2416
2005-09-01,0.2913
2005-08-31,0.2420
2005-08-30,0.1737
2005-08-29,0.2065
2005-08-26,0.1440
2005-08-25,0.1229
2005-08-24,0.1470
2005-08-23,0.1718
2005-08-22,0.1284
2005-08-19,0.0968
2005-08-18,0.1210
2005-08-17,0.0982
2005-08-16,0.0590
2005-08-15,0.0711
2005-08-12,0.0876
2005-08-11,0.1002
2005-08-10,0.0748
2005-08-09,0.0882
2005-08-08,0.0810
2005-08-05,0.1012
2005-08-04,0.0894
2005-08-03,0.0998
2005-08-02,0.0969
2005-08-01,0.1211
2005-07-29,0.1421
2005-07-28,0.1244
2005-07-27,0.1423
2005-07-26,0.1539
2005-07-25,0.1831
2005-07-22,0.2090
2005-07-21,0.2148
2005-07-20,0.2286
2005-07-19,0.2618
2005-07-18,0.1945
2005-07-15,0.2007
2005-07-14,0.1898
2005-07-13,0.1987
2005-07-12,0.2112
2005-07-11,0.2202
2005-07-08,0.1916
2005-07-07,0.2396
2005-07-06,0.2437
2005-07-05,0.2475
2005-07-01,0.2828
2005-06-30,0.2898
2005-06-29,0.2866
2005-06-28,0.2215
2005-06-27,0.1945
2005-06-24,0.1635
2005-06-23,0.1327
2005-06-22,0.1406
2005-06-21,0.0563
2005-06-20,0.0704
2005-06-17,0.0879
2005-06-16,0.1099
2005-06-15,0.1374
2005-06-14,0.1585
2005-06-13,0.1981
2005-06-10,0.2477
2005-06-09,0.2366
2005-06-08,0.1855
2005-06-07,0.2319
2005-06-06,0.2567
2005-06-02,0.1284
2005-06-01,0.1605
2005-05-31,0.1820
2005-05-27,0.2222
2005-05-26,0.1861
2005-05-25,0.2326
2005-05-24,0.2550
2005-05-23,0.2882
2005-05-20,0.3602
2005-05-19,0.4503
2005-05-18,0.4394
2005-05-17,0.0501
2005-05-16,0.0480
2005-05-13,0.0547
2005-05-12,0.0683
2005-05-11,0.0854
2005-05-10,0.0855
2005-05-09,0.0737
2005-05-06,0.0749
2005-05-05,0.0936
2005-05-04,0.1170
2005-05-03,0.0918
2005-05-02,0.1148
2005-04-29,0.1435
2005-04-28,0.1555
2005-04-27,0.1187
2005-04-26,0.1178
2005-04-25,0.1472
2005-04-22,0.1840
2005-04-21,0.1637
2005-04-20,0.0984
2005-04-19,0.1097
2005-04-18,0.1372
2005-04-15,0.1184
2005-04-14,0.1214
2005-04-13,0.1517
2005-04-12,0.0968
2005-04-11,0.1209
2005-04-08,0.1485
2005-04-07,0.1339
2005-04-06,0.0810
2005-04-05,0.0695
2005-04-04,0.0868
2005-04-01,0.1085
2005-03-31,0.1330
2005-03-30,0.1663
2005-03-29,0.1853
2005-03-24,0.1785
2005-03-23,0.1501
2005-03-22,0.1756
2005-03-21,0.1466
2005-03-18,0.1832
2005-03-17,0.0551
2005-03-16,0.0688
2005-03-15,0.0861
2005-03-14,0.0996
2005-03-11,0.0661
2005-03-10,0.0800
2005-03-09,0.1000
2005-03-08,0.1249
2005-03-07,0.1562
2005-03-04,0.1793
2005-03-03,0.2241
2005-03-02,0.1766
2005-03-01,0.2207
2005-02-28,0.1883
2005-02-25,0.2353
2005-02-24,0.0685
2005-02-23,0.0856
2005-02-22,0.0831
2005-02-18,0.1039
2005-02-17,0.1033
2005-02-16,0.1132
2005-02-15,0.1123
2005-02-14,0.1403
2005-02-11,0.0931
2005-02-10,0.1164
2005-02-09,0.1455
2005-02-08,0.1049
2005-02-07,0.1311
2005-02-04,0.1453
2005-02-03,0.1258
2005-02-02,0.0617
2005-02-01,0.0599
2005-01-31,0.0549
2005-01-28,0.0686
2005-01-27,0.0261
2005-01-26,0.0326
2005-01-25,0.0407
2005-01-24,0.0509
2005-01-21,0.0437
2005-01-20,0.0546
2005-01-19,0.0550
2005-01-18,0.0555
2005-01-14,0.0667
2005-01-13,0.0833
2005-01-12,0.1042
2005-01-11,0.0559
2005-01-10,0.0487
2005-01-07,0.0608
2005-01-06,0.0667
2005-01-05,0.0834
2005-01-04,0.0538
2005-01-03,0.0673
2004-12-30,0.0841
2004-12-29,0.1051
2004-12-28,0.0597
2004-12-27,0.0361
2004-12-23,0.0452
2004-12-22,0.0565
2004-12-21,0.0706
2004-12-20,0.0882
2004-12-17,0.0638
2004-12-16,0.0798
2004-12-15,0.0997
2004-12-14,0.1127
2004-12-13,0.1409
2004-12-10,0.1761
2004-12-09,0.2202
2004-12-08,0.0973
2004-12-07,0.0779
2004-12-06,0.0973
2004-12-03,0.1203
2004-12-02,0.1504
2004-12-01,0.1880
2004-11-30,0.2350
2004-11-29,0.2938
2004-11-26,0.3672
2004-11-24,0.3382
2004-11-23,0.3430
2004-11-22,0.2867
2004-11-19,0.2323
2004-11-18,0.0793
2004-11-17,0.0938
2004-11-16,0.1173
2004-11-15,0.1466
2004-11-12,0.1832
2004-11-11,0.1985
2004-11-10,0.2415
2004-11-09,0.2833
2004-11-08,0.2399
2004-11-05,0.2707
2004-11-04,0.2162
2004-11-03,0.0712
2004-11-02,0.0080
2004-11-01,0.0100
2004-10-29,0.0124
2004-10-28,0.0156
2004-10-27,0.0194
2004-10-26,0.0243
2004-10-25,0.0304
2004-10-22,0.0380
2004-10-21,0.0475
2004-10-20,0.0593
2004-10-19,0.0742
2004-10-18,0.0927
2004-10-15,0.1159
2004-10-14,0.1449
2004-10-13,0.1174
2004-10-12,0.0976
2004-10-11,0.1220
2004-10-08,0.0861
2004-10-07,0.0359
2004-10-06,0.0449
2004-10-05,0.0562
2004-10-04,0.0516
2004-10-01,0.0605
2004-09-30,0.0372
2004-09-29,0.0465
2004-09-28,0.0581
2004-09-27,0.0500
2004-09-24,0.0625
2004-09-23,0.0782
2004-09-22,0.0367
2004-09-21,0.0458
2004-09-20,0.0573
2004-09-17,0.0716
2004-09-16,0.0218
2004-09-15,0.0273
2004-09-14,0.0341
2004-09-13,0.0426
2004-09-10,0.0533
2004-09-09,0.0666
2004-09-08,0.0832
2004-09-07,0.1040
2004-09-03,0.1300
2004-09-02,0.1253
2004-09-01,0.1567
2004-08-31,0.1958
2004-08-30,0.2448
2004-08-27,0.0431
2004-08-26,0.0539
2004-08-25,0.0674
2004-08-24,0.0498
2004-08-23,0.0622
2004-08-20,0.0777
2004-08-19,0.0295
2004-08-18,0.0368
2004-08-17,0.0461
2004-08-16,0.0576
2004-08-13,0.0720
2004-08-12,0.0900
2004-08-11,0.1124
2004-08-10,0.1406
2004-08-09,0.1757
2004-08-06,0.2063
2004-08-05,0.1079
2004-08-04,0.0911
2004-08-03,0.1139
2004-08-02,0.1423
2004-07-30,0.0345
2004-07-29,0.0432
2004-07-28,0.0540
2004-07-27,0.0674
2004-07-26,0.0843
2004-07-23,0.1054
2004-07-22,0.1317
2004-07-21,0.0956
2004-07-20,0.0532
2004-07-19,0.0665
2004-07-16,0.0154
2004-07-15,0.0192
2004-07-14,0.0240
2004-07-13,0.0300
2004-07-12,0.0375
2004-07-09,0.0469
2004-07-08,0.0586
2004-07-07,0.0733
2004-07-06,0.0916
2004-07-02,0.1145
2004-07-01,0.1431
2004-06-30,0.1788
2004-06-29,0.2235
2004-06-28,0.2117
2004-06-25,0.1053
2004-06-24,0.1051
2004-06-23,0.1234
2004-06-22,0.1437
2004-06-21,0.0893
2004-06-18,0.1010
2004-06-17,0.0970
2004-06-16,0.1186
2004-06-15,0.1403
2004-06-14,0.1647
2004-06-10,0.2059
2004-06-09,0.2176
2004-06-08,0.2720
2004-06-07,0.3320
2004-06-04,0.3513
2004-06-03,0.3223
2004-06-02,0.2861
2004-06-01,0.3018
2004-05-28,0.3162
2004-05-27,0.2572
2004-05-26,0.2896
2004-05-25,0.3063
2004-05-24,0.3802
2004-05-21,0.4474
2004-05-20,0.4543
2004-05-19,0.5202
2004-05-18,0.6104
2004-05-17,0.7178
2004-05-14,0.2760
2004-05-13,0.2281
2004-05-12,0.2533
2004-05-11,0.2503
2004-05-10,0.2491
2004-05-07,0.1308
2004-05-06,0.1609
2004-05-05,0.1852
2004-05-04,0.1651
2004-05-03,0.2063
2004-04-30,0.2579
2004-04-29,0.2109
2004-04-28,0.2052
2004-04-27,0.1822
2004-04-26,0.1401
2004-04-23,0.1592
2004-04-22,0.1605
2004-04-21,0.1926
2004-04-20,0.1491
2004-04-19,0.1479
2004-04-16,0.1849
2004-04-15,0.2139
2004-04-14,0.1930
2004-04-13,0.1563
2004-04-08,0.1954
2004-04-07,0.1539
2004-04-06,0.1632
2004-04-05,0.2027
2004-04-02,0.2534
2004-04-01,0.2092
2004-03-31,0.1287
2004-03-30,0.1609
2004-03-29,0.1718
2004-03-26,0.0847
2004-03-25,0.1059
2004-03-24,0.1018
2004-03-23,0.1273
2004-03-22,0.1365
2004-03-19,0.0910
2004-03-18,0.1138
2004-03-17,0.1422
2004-03-16,0.1778
2004-03-15,0.2222
2004-03-12,0.2512
2004-03-11,0.1812
2004-03-10,0.2265
2004-03-09,0.0575
2004-03-08,0.0719
2004-03-05,0.0500
2004-03-04,0.0625
2004-03-03,0.0782
2004-03-02,0.0977
2004-03-01,0.1221
2004-02-27,0.0199
2004-02-26,0.0249
2004-02-25,0.0311
2004-02-24,0.0389
2004-02-23,0.0487
2004-02-20,0.0608
2004-02-19,0.0760
2004-02-18,0.0950
2004-02-17,0.1188
2004-02-13,0.0529
2004-02-12,0.0330
2004-02-11,0.0412
2004-02-10,0.0515
2004-02-09,0.0644
2004-02-06,0.0805
2004-02-05,0.1006
2004-02-04,0.1257
2004-02-03,0.1571
2004-02-02,0.1659
2004-01-30,0.1237
2004-01-29,0.1547
2004-01-28,0.0168
2004-01-27,0.0210
2004-01-26,0.0262
2004-01-23,0.0327
2004-01-22,0.0409
2004-01-21,0.0512
2004-01-20,0.0639
2004-01-16,0.0799
2004-01-15,0.0999
2004-01-14,0.1249
2004-01-13,0.1561
2004-01-12,0.1580
2004-01-09,0.1974
2004-01-08,0.2468
2004-01-07,0.2448
2004-01-06,0.2224
2004-01-05,0.2779
2004-01-02,0.2213
2003-12-30,0.2766
2003-12-29,0.0245
2003-12-23,0.0307
2003-12-22,0.0383
2003-12-19,0.0479
2003-12-18,0.0599
2003-12-17,0.0748
2003-12-16,0.0936
2003-12-15,0.0346
2003-12-12,0.0433
2003-12-11,0.0369
2003-12-10,0.0461
2003-12-09,0.0510
2003-12-08,0.0637
2003-12-05,0.0797
2003-12-04,0.0996
2003-12-03,0.1245
2003-12-02,0.1556
2003-12-01,0.1945
2003-11-28,0.0174
2003-11-26,0.0218
2003-11-25,0.0272
2003-11-24,0.0340
2003-11-21,0.0425
2003-11-20,0.0531
2003-11-19,0.0664
2003-11-18,0.0232
2003-11-17,0.0291
2003-11-14,0.0363
2003-11-13,0.0454
2003-11-12,0.0568
2003-11-11,0.0709
2003-11-10,0.0024
2003-11-07,0.0030
2003-11-06,0.0037
2003-11-05,0.0046
2003-11-04,0.0058
2003-11-03,0.0073
2003-10-31,0.0091
2003-10-30,0.0113
2003-10-29,0.0142
2003-10-28,0.0177
2003-10-27,0.0221
2003-10-24,0.0277
2003-10-23,0.0346
2003-10-22,0.0233
2003-10-21,0.0291
2003-10-20,0.0364
2003-10-17,0.0455
2003-10-16,0.0569
2003-10-15,0.0247
2003-10-14,0.0309
2003-10-13,0.0386
2003-10-10,0.0482
2003-10-09,0.0603
2003-10-08,0.0754
2003-10-07,0.0942
2003-10-06,0.1178
2003-10-03,0.0145
2003-10-02,0.0181
2003-10-01,0.0226
2003-09-30,0.0282
2003-09-29,0.0353
2003-09-26,0.0441
2003-09-25,0.0552
2003-09-24,0.0689
2003-09-23,0.0862
2003-09-22,0.0413
2003-09-19,0.0517
2003-09-18,0.0646
2003-09-17,0.0807
2003-09-16,0.1009
2003-09-15,0.1262
2003-09-12,0.1577
2003-09-11,0.1971
2003-09-10,0.2464
2003-09-09,0.0690
2003-09-08,0.0863
2003-09-05,0.1066
2003-09-04,0.0416
2003-09-03,0.0520
2003-09-02,0.0650
2003-08-29,0.0812
2003-08-28,0.1016
2003-08-27,0.1269
2003-08-26,0.1587
2003-08-25,0.1983
2003-08-22,0.0886
2003-08-21,0.0085
2003-08-20,0.0107
2003-08-19,0.0134
2003-08-18,0.0167
2003-08-15,0.0209
2003-08-14,0.0261
2003-08-13,0.0326
2003-08-12,0.0408
2003-08-11,0.0509
2003-08-08,0.0637
2003-08-07,0.0531
2003-08-06,0.0663
2003-08-05,0.0391
2003-08-04,0.0489
2003-08-01,0.0611
2003-07-31,0.0764
2003-07-30,0.0954
2003-07-29,0.0569
2003-07-28,0.0711
2003-07-25,0.0849
2003-07-24,0.1022
2003-07-23,0.0348
2003-07-22,0.0435
2003-07-21,0.0543
2003-07-18,0.0679
2003-07-17,0.0517
2003-07-16,0.0647
2003-07-15,0.0609
2003-07-14,0.0761
2003-07-11,0.0819
2003-07-10,0.1024
2003-07-09,0.1280
2003-07-08,0.1600
2003-07-07,0.2000
2003-07-03,0.0734
2003-07-02,0.0519
2003-07-01,0.0649
2003-06-30,0.0811
2003-06-27,0.1014
2003-06-26,0.1267
2003-06-25,0.0960
2003-06-24,0.1200
2003-06-23,0.1500
2003-06-20,0.1875
2003-06-19,0.1508
2003-06-18,0.1513
2003-06-17,0.0683
2003-06-16,0.0853
2003-06-13,0.1067
2003-06-12,0.0670
2003-06-11,0.0837
2003-06-10,0.1046
2003-06-09,0.1308
2003-06-06,0.0307
2003-06-05,0.0384
2003-06-04,0.0480
2003-06-03,0.0600
2003-06-02,0.0750
2003-05-30,0.0274
2003-05-29,0.0343
2003-05-28,0.0428
2003-05-27,0.0535
2003-05-23,0.0669
2003-05-22,0.0836
2003-05-21,0.1046
2003-05-20,0.0909
2003-05-19,0.1136
2003-05-16,0.1420
2003-05-15,0.1111
2003-05-14,0.1389
2003-05-13,0.1736
2003-05-12,0.2170
2003-05-09,0.1916
2003-05-08,0.2395
2003-05-07,0.2860
2003-05-06,0.2912
2003-05-05,0.3454
2003-05-02,0.2140
2003-04-30,0.0020
2003-04-29,0.0025
2003-04-28,0.0031
2003-04-25,0.0039
2003-04-24,0.0048
2003-04-23,0.0060
2003-04-22,0.0075
2003-04-17,0.0094
2003-04-16,0.0118
2003-04-15,0.0147
2003-04-14,0.0184
2003-04-11,0.0230
2003-04-10,0.0287
2003-04-09,0.0359
2003-04-08,0.0449
2003-04-07,0.0561
2003-04-04,0.0037
2003-04-03,0.0046
2003-04-02,0.0058
2003-04-01,0.0072
2003-03-31,0.0090
2003-03-28,0.0113
2003-03-27,0.0141
2003-03-26,0.0176
2003-03-25,0.0220
2003-03-24,0.0276
2003-03-21,0.0345
2003-03-20,0.0431
2003-03-19,0.0140
2003-03-18,0.0175
2003-03-17,0.0219
2003-03-14,0.0273
2003-03-13,0.0342
2003-03-12,0.0427
2003-03-11,0.0534
2003-03-10,0.0668
2003-03-07,0.0835
2003-03-06,0.1043
2003-03-05,0.1038
2003-03-04,0.1298
2003-03-03,0.1623
2003-02-28,0.0971
2003-02-27,0.1080
2003-02-26,0.1082
2003-02-25,0.0683
2003-02-24,0.0451
2003-02-21,0.0564
2003-02-20,0.0705
2003-02-19,0.0748
2003-02-18,0.0801
2003-02-14,0.0867
2003-02-13,0.0816
2003-02-12,0.1020
2003-02-11,0.1275
2003-02-10,0.1459
2003-02-07,0.1556
2003-02-06,0.1811
2003-02-05,0.2264
2003-02-04,0.2696
2003-02-03,0.2031
2003-01-31,0.1065
2003-01-30,0.1198
2003-01-29,0.1363
2003-01-28,0.1570
2003-01-27,0.1560
2003-01-24,0.1682
2003-01-23,0.1567
2003-01-22,0.1959
2003-01-21,0.2315
2003-01-17,0.2224
2003-01-16,0.2512
2003-01-15,0.1666
2003-01-14,0.0877
2003-01-13,0.1096
2003-01-10,0.1103
2003-01-09,0.0575
2003-01-08,0.0718
2003-01-07,0.0764
2003-01-06,0.0821
2003-01-03,0.1026
2003-01-02,0.1015
2002-12-30,0.1135
2002-12-27,0.1150
2002-12-23,0.1304
2002-12-20,0.1228
2002-12-19,0.0999
2002-12-18,0.1249
2002-12-17,0.0757
2002-12-16,0.0947
2002-12-13,0.1184
2002-12-12,0.1078
2002-12-11,0.1347
2002-12-10,0.1282
2002-12-09,0.1067
2002-12-06,0.1065
2002-12-05,0.1332
2002-12-04,0.1665
2002-12-03,0.1947
2002-12-02,0.1362
2002-11-29,0.0765
2002-11-27,0.0822
2002-11-26,0.1027
2002-11-25,0.0481
2002-11-22,0.0601
2002-11-21,0.0617
2002-11-20,0.0637
2002-11-19,0.0797
2002-11-18,0.0996
2002-11-15,0.1245
2002-11-14,0.1422
2002-11-13,0.1643
2002-11-12,0.1920
2002-11-11,0.1463
2002-11-08,0.1025
2002-11-07,0.1281
2002-11-06,0.1601
2002-11-05,0.2001
2002-11-04,0.0626
2002-11-01,0.0783
2002-10-31,0.0443
2002-10-30,0.0553
2002-10-29,0.0558
2002-10-28,0.0697
2002-10-25,0.0469
2002-10-24,0.0587
2002-10-23,0.0465
2002-10-22,0.0582
2002-10-21,0.0593
2002-10-18,0.0741
2002-10-17,0.0927
2002-10-16,0.1158
2002-10-15,0.1314
2002-10-14,0.0839
2002-10-11,0.0914
2002-10-10,0.1009
2002-10-09,0.1127
2002-10-08,0.1275
2002-10-07,0.1058
2002-10-04,0.0921
2002-10-03,0.1017
2002-10-02,0.1138
2002-10-01,0.1154
2002-09-30,0.1175
2002-09-27,0.1335
2002-09-26,0.1267
2002-09-25,0.1449
2002-09-24,0.1276
2002-09-23,0.1193
2002-09-20,0.1357
2002-09-19,0.1428
2002-09-18,0.1250
2002-09-17,0.0624
2002-09-16,0.0646
2002-09-13,0.0674
2002-09-12,0.0575
2002-09-11,0.0718
2002-09-10,0.0764
2002-09-09,0.0821
2002-09-06,0.0759
2002-09-05,0.0881
2002-09-04,0.0901
2002-09-03,0.0992
2002-08-30,0.1240
2002-08-29,0.0880
2002-08-28,0.0832
2002-08-27,0.0772
2002-08-26,0.0966
2002-08-23,0.0537
2002-08-22,0.0671
2002-08-21,0.0571
2002-08-20,0.0714
2002-08-19,0.0893
2002-08-16,0.1116
2002-08-15,0.1395
2002-08-14,0.1476
2002-08-13,0.1845
2002-08-12,0.0967
2002-08-09,0.1208
2002-08-08,0.1511
2002-08-07,0.0549
2002-08-06,0.0284
2002-08-05,0.0355
2002-08-02,0.0444
2002-08-01,0.0555
2002-07-31,0.0693
2002-07-30,0.0732
2002-07-29,0.0916
2002-07-26,0.1011
2002-07-25,0.1263
2002-07-24,0.1043
2002-07-23,0.1036
2002-07-22,0.1161
2002-07-19,0.1049
2002-07-18,0.1312
2002-07-17,0.1372
2002-07-16,0.0911
2002-07-15,0.1005
2002-07-12,0.0854
2002-07-11,0.0666
2002-07-10,0.0596
2002-07-09,0.0678
2002-07-08,0.0649
2002-07-05,0.0811
2002-07-03,0.1013
2002-07-02,0.0736
2002-07-01,0.0787
2002-06-28,0.0984
2002-06-27,0.0831
2002-06-26,0.0773
2002-06-25,0.0967
2002-06-24,0.0943
2002-06-21,0.0913
2002-06-20,0.1141
2002-06-19,0.1427
2002-06-18,0.1120
2002-06-17,0.1134
2002-06-14,0.0887
2002-06-13,0.0710
2002-06-12,0.0888
2002-06-11,0.0977
2002-06-10,0.0955
2002-06-07,0.1194
2002-06-06,0.1493
2002-06-05,0.1600
2002-06-04,0.1868
2002-06-03,0.1804
2002-05-31,0.1392
2002-05-30,0.1408
2002-05-29,0.1096
2002-05-28,0.1237
2002-05-24,0.1148
2002-05-23,0.0904
2002-05-22,0.0997
2002-05-21,0.1246
2002-05-20,0.1292
2002-05-17,0.1483
2002-05-16,0.1853
2002-05-15,0.1918
2002-05-14,0.1601
2002-05-13,0.1338
2002-05-10,0.1672
2002-05-09,0.1426
2002-05-08,0.1385
2002-05-07,0.0934
2002-05-06,0.1168
2002-05-03,0.1393
2002-05-02,0.1410
2002-04-30,0.0965
2002-04-29,0.0941
2002-04-26,0.1176
2002-04-25,0.1072
2002-04-24,0.1340
2002-04-23,0.1277
2002-04-22,0.1596
2002-04-19,0.1531
2002-04-18,0.1714
2002-04-17,0.1346
2002-04-16,0.1285
2002-04-15,0.1606
2002-04-12,0.1742
2002-04-11,0.2044
2002-04-10,0.2024
2002-04-09,0.2132
2002-04-08,0.1338
2002-04-05,0.1672
2002-04-04,0.2090
2002-04-03,0.0621
2002-04-02,0.0777
2002-03-27,0.0706
2002-03-26,0.0616
2002-03-25,0.0717
2002-03-22,0.0711
2002-03-21,0.0756
2002-03-20,0.0679
2002-03-19,0.0716
2002-03-18,0.0895
2002-03-15,0.0854
2002-03-14,0.0802
2002-03-13,0.1002
2002-03-12,0.0855
2002-03-11,0.0803
2002-03-08,0.0871
2002-03-07,0.0690
2002-03-06,0.0066
2002-03-05,0.0082
2002-03-04,0.0103
2002-03-01,0.0129
2002-02-28,0.0161
2002-02-27,0.0201
2002-02-26,0.0251
2002-02-25,0.0314
2002-02-22,0.0392
2002-02-21,0.0490
2002-02-20,0.0613
2002-02-19,0.0766
2002-02-15,0.0294
2002-02-14,0.0368
2002-02-13,0.0327
2002-02-12,0.0408
2002-02-11,0.0510
2002-02-08,0.0638
2002-02-07,0.0266
2002-02-06,0.0333
2002-02-05,0.0416
2002-02-04,0.0520
2002-02-01,0.0651
2002-01-31,0.0813
2002-01-30,0.1016
2002-01-29,0.1271
2002-01-28,0.0659
2002-01-25,0.0691
2002-01-24,0.0731
2002-01-23,0.0914
2002-01-22,0.0611
2002-01-18,0.0764
2002-01-17,0.0955
2002-01-16,0.1193
2002-01-15,0.1492
2002-01-14,0.1865
2002-01-11,0.1402
2002-01-10,0.1752
2002-01-09,0.1925
2002-01-08,0.1742
2002-01-07,0.1116
2002-01-04,0.0996
2002-01-03,0.0847
2002-01-02,0.1059
2001-12-28,0.1191
2001-12-27,0.0692
2001-12-21,0.0865
2001-12-20,0.1081
2001-12-19,0.1086
2001-12-18,0.0959
2001-12-17,0.1199
2001-12-14,0.1366
2001-12-13,0.1176
2001-12-12,0.0807
2001-12-11,0.0743
2001-12-10,0.0530
2001-12-07,0.0530
2001-12-06,0.0662
2001-12-05,0.0828
2001-12-04,0.1034
2001-12-03,0.1027
2001-11-30,0.1284
2001-11-29,0.1605
2001-11-28,0.1741
2001-11-27,0.1778
2001-11-26,0.2223
2001-11-23,0.2115
2001-11-21,0.1714
2001-11-20,0.1877
2001-11-19,0.2347
2001-11-16,0.2004
2001-11-15,0.1708
2001-11-14,0.1870
2001-11-13,0.2337
2001-11-12,0.2125
2001-11-09,0.2391
2001-11-08,0.2856
2001-11-07,0.3304
2001-11-06,0.3599
2001-11-05,0.4100
2001-11-02,0.3532
2001-11-01,0.2158
2001-10-31,0.1436
2001-10-30,0.1463
2001-10-29,0.1696
2001-10-25,0.1589
2001-10-24,0.1721
2001-10-23,0.1819
2001-10-22,0.1543
2001-10-19,0.1398
2001-10-18,0.1615
2001-10-17,0.1488
2001-10-15,0.0532
2001-10-12,0.0665
2001-10-11,0.0831
2001-10-10,0.1039
2001-10-09,0.1299
2001-10-08,0.1624
2001-10-05,0.2030
2001-10-04,0.1209
2001-10-03,0.1512
2001-10-02,0.1890
2001-10-01,0.2362
2001-09-27,0.2953
2001-09-26,0.3027
2001-09-25,0.3784
2001-09-24,0.4066
2001-09-21,0.4418
2001-09-20,0.4195
2001-09-19,0.5244
2001-09-18,0.6157
2001-09-10,0.1987
2001-09-07,0.2484
2001-09-06,0.2441
2001-09-05,0.2653
2001-09-04,0.2255
2001-08-31,0.1491
2001-08-30,0.1465
2001-08-29,0.1566
2001-08-28,0.1958
2001-08-27,0.1119
2001-08-24,0.1134
2001-08-23,0.1417
2001-08-22,0.1771
2001-08-21,0.1949
2001-08-20,0.1772
2001-08-17,0.1551
2001-08-16,0.1939
2001-08-15,0.2158
2001-08-14,0.2698
2001-08-13,0.2974
2001-08-10,0.3054
2001-08-09,0.3817
2001-08-08,0.3444
2001-08-07,0.2977
2001-08-06,0.2659
2001-08-03,0.3324
2001-08-02,0.4155
2001-08-01,0.4530
2001-07-31,0.4335
2001-07-30,0.4091
2001-07-27,0.3123
2001-07-26,0.3239
2001-07-25,0.4049
2001-07-24,0.4795
2001-07-23,0.5065
2001-07-20,0.5003
2001-07-19,0.3201
2001-07-18,0.2408
2001-07-17,0.2744
2001-07-16,0.3032
2001-07-12,0.3126
2001-07-11,0.3907
2001-07-10,0.3556
2001-07-09,0.3781
2001-07-06,0.4727
2001-07-05,0.5908
2001-07-03,0.6058
2001-07-02,0.6908
2001-06-29,0.7972
2001-06-28,0.0008
2001-06-27,0.0010
2001-06-26,0.0013
2001-06-25,0.0016
2001-06-22,0.0020
2001-06-21,0.0025
2001-06-20,0.0031
2001-06-19,0.0039
2001-06-18,0.0048
2001-06-15,0.0060
2001-06-14,0.0075
2001-06-13,0.0094
2001-06-12,0.0118
2001-06-11,0.0147
2001-06-08,0.0184
2001-06-07,0.0230
2001-06-06,0.0287
2001-06-05,0.0359
2001-06-04,0.0449
2001-06-01,0.0561
2001-05-31,0.0702
2001-05-30,0.0877
2001-05-29,0.1096
2001-05-25,0.1370
2001-05-24,0.1713
2001-05-23,0.2141
2001-05-22,0.2012
2001-05-21,0.1188
2001-05-18,0.1485
2001-05-17,0.1856
2001-05-16,0.2320
2001-05-15,0.2237
2001-05-14,0.2796
2001-05-10,0.2433
2001-05-08,0.2112
2001-05-04,0.2640
2001-05-03,0.2636
2001-05-02,0.3295
2001-04-27,0.2791
2001-04-26,0.2825
2001-04-25,0.2868
2001-04-24,0.3585
2001-04-23,0.3817
2001-04-20,0.4108
2001-04-19,0.3807
2001-04-18,0.2104
2001-04-17,0.1302
2001-04-12,0.1628
2001-04-11,0.1371
2001-04-10,0.1050
2001-04-09,0.1312
2001-04-06,0.1641
2001-04-05,0.2051
2001-04-04,0.1900
2001-04-03,0.1047
2001-04-02,0.1308
2001-03-30,0.0972
2001-03-29,0.1215
2001-03-28,0.1518
2001-03-27,0.1234
2001-03-26,0.0879
2001-03-23,0.1099
2001-03-22,0.1373
2001-03-21,0.1717
2001-03-20,0.2146
2001-03-19,0.2019
2001-03-16,0.1859
2001-03-15,0.2324
2001-03-13,0.1578
2001-03-12,0.1972
2001-03-09,0.2133
2001-03-08,0.2667
2001-03-07,0.2338
2001-03-06,0.2922
2001-03-05,0.2989
2001-03-02,0.3736
2001-03-01,0.3342
2001-02-28,0.1788
2001-02-27,0.1439
2001-02-26,0.1799
2001-02-23,0.1053
2001-02-22,0.1317
2001-02-21,0.1646
2001-02-20,0.1394
2001-02-16,0.1742
2001-02-15,0.1514
2001-02-14,0.1892
2001-02-13,0.1702
2001-02-12,0.2127
2001-02-09,0.2659
2001-02-08,0.1996
2001-02-07,0.1831
2001-02-06,0.2289
2001-02-05,0.2861
2001-02-02,0.2913
2001-02-01,0.2977
2001-01-31,0.3722
2001-01-30,0.3988
2001-01-29,0.4322
2001-01-25,0.4075
2001-01-23,0.0446
2001-01-22,0.0558
2001-01-19,0.0697
2001-01-18,0.0872
2001-01-17,0.1090
2001-01-16,0.1362
2001-01-12,0.1703
2001-01-11,0.2129
2001-01-10,0.2661
2001-01-09,0.3326
2001-01-08,0.4157
2001-01-05,0.5197
2001-01-04,0.5168
2001-01-03,0.5133
2001-01-02,0.5088
2000-12-29,0.5696
2000-12-28,0.5129
2000-12-27,0.5084
2000-12-22,0.4364
2000-12-21,0.4791
2000-12-20,0.4661
2000-12-19,0.3172
2000-12-18,0.2637
2000-12-15,0.3296
2000-12-14,0.3456
2000-12-13,0.2993
2000-12-12,0.3077
2000-12-11,0.3847
2000-12-08,0.4543
2000-12-07,0.5413
2000-12-06,0.2119
2000-12-05,0.1986
2000-12-04,0.1818
2000-12-01,0.1609
2000-11-30,0.2011
2000-11-29,0.2514
2000-11-28,0.2479
2000-11-27,0.2435
2000-11-24,0.3043
2000-11-22,0.2477
2000-11-21,0.3096
2000-11-20,0.3206
2000-11-17,0.2680
2000-11-16,0.3349
2000-11-15,0.2196
2000-11-14,0.2744
2000-11-13,0.2103
2000-11-10,0.2628
2000-11-09,0.3286
2000-11-08,0.2779
2000-11-07,0.2147
2000-11-06,0.2020
2000-11-03,0.2525
2000-11-02,0.2757
2000-11-01,0.3181
2000-10-31,0.1321
2000-10-30,0.1652
2000-10-27,0.2065
2000-10-26,0.2581
2000-10-25,0.3226
2000-10-24,0.4032
2000-10-23,0.2518
2000-10-20,0.0625
2000-10-19,0.0782
2000-10-18,0.0977
2000-10-17,0.1221
2000-10-16,0.1527
2000-10-13,0.1908
2000-10-12,0.2386
2000-10-11,0.2849
2000-10-10,0.3561
2000-10-09,0.4452
2000-10-06,0.4237
2000-10-05,0.2641
2000-10-04,0.3302
2000-10-03,0.2799
2000-10-02,0.3499
2000-09-29,0.4374
2000-09-28,0.5467
2000-09-27,0.5506
2000-09-26,0.4494
2000-09-25,0.3626
2000-09-22,0.4134
2000-09-21,0.5167
2000-09-20,0.6459
2000-09-19,0.6746
2000-09-18,0.7105
2000-09-15,0.7554
2000-09-14,0.8115
2000-09-13,0.4170
2000-09-12,0.1893
2000-09-11,0.2366
2000-09-08,0.1630
2000-09-07,0.2038
2000-09-06,0.2547
2000-09-05,0.3184
2000-09-01,0.3980
2000-08-31,0.3648
2000-08-30,0.3232
2000-08-29,0.2712
2000-08-28,0.2727
2000-08-25,0.3408
2000-08-24,0.3596
2000-08-23,0.4495
2000-08-22,0.4291
2000-08-21,0.4701
2000-08-18,0.3884
2000-08-17,0.3528
2000-08-16,0.4410
2000-08-15,0.5513
2000-08-14,0.5563
2000-08-11,0.5627
2000-08-10,0.3449
2000-08-09,0.4046
2000-08-08,0.5057
2000-08-07,0.4330
2000-08-04,0.2094
2000-08-03,0.1290
2000-08-02,0.1613
2000-08-01,0.1352
2000-07-31,0.1690
2000-07-28,0.2112
2000-07-27,0.2640
2000-07-26,0.3301
2000-07-25,0.4126
2000-07-24,0.1174
2000-07-21,0.1468
2000-07-20,0.1835
2000-07-19,0.2294
2000-07-18,0.2867
2000-07-17,0.3584
2000-07-14,0.4480
2000-07-13,0.5600
2000-07-12,0.3017
2000-07-11,0.2178
2000-07-10,0.2458
2000-07-07,0.1081
2000-07-06,0.1351
2000-07-05,0.1689
2000-07-03,0.1447
2000-06-30,0.1808
2000-06-29,0.0933
2000-06-28,0.1166
2000-06-27,0.1458
2000-06-26,0.1822
2000-06-23,0.0950
2000-06-22,0.1188
2000-06-21,0.1485
2000-06-20,0.1856
2000-06-19,0.2320
2000-06-16,0.2900
2000-06-15,0.3625
2000-06-14,0.4532
2000-06-13,0.4337
2000-06-12,0.5421
2000-06-09,0.6776
2000-06-08,0.8470
2000-06-07,1.0588
2000-06-06,1.3235
2000-06-05,1.5216
2000-06-02,1.6365
2000-06-01,1.9129
2000-05-31,2.1256
2000-05-30,2.2587
2000-05-26,0.2346
2000-05-25,0.2269
2000-05-24,0.2836
2000-05-23,0.3545
2000-05-22,0.4431
2000-05-19,0.5539
2000-05-18,0.6924
2000-05-17,0.8655
2000-05-16,0.5508
2000-05-15,0.6222
2000-05-12,0.5786
2000-05-11,0.4578
2000-05-10,0.4394
2000-05-09,0.4165
2000-05-08,0.5206
2000-05-05,0.5844
2000-05-04,0.3986
2000-05-03,0.3655
2000-05-02,0.1914
2000-05-01,0.2392
2000-04-28,0.2990
2000-04-27,0.3737
2000-04-26,0.4672
2000-04-25,0.5840
2000-04-24,0.7300
2000-04-20,0.9125
2000-04-19,1.1406
2000-04-18,1.4257
2000-04-17,1.5166
2000-04-14,0.8337
2000-04-13,0.5111
2000-04-12,0.5061
2000-04-11,0.6326
2000-04-10,0.7908
2000-04-07,0.3247
2000-04-06,0.3395
2000-04-05,0.4243
2000-04-04,0.2649
2000-04-03,0.3311
2000-03-31,0.2811
2000-03-30,0.3514
2000-03-29,0.3065
2000-03-28,0.3831
2000-03-27,0.3462
2000-03-24,0.4327
2000-03-23,0.4745
2000-03-22,0.1285
2000-03-21,0.1606
2000-03-20,0.2007
2000-03-17,0.1182
2000-03-16,0.1477
2000-03-15,0.1846
2000-03-14,0.2308
2000-03-13,0.2885
2000-03-10,0.3606
2000-03-09,0.4507
2000-03-08,0.5634
2000-03-07,0.5715
2000-03-06,0.5817
2000-03-03,0.3288
2000-03-02,0.4110
2000-03-01,0.5137
2000-02-29,0.6422
2000-02-28,0.6699
2000-02-25,0.3728
2000-02-24,0.4659
2000-02-23,0.5160
2000-02-22,0.6450
2000-02-18,0.4080
2000-02-17,0.5100
2000-02-16,0.5048
2000-02-15,0.6310
2000-02-14,0.7887
2000-02-11,0.5876
2000-02-10,0.7345
2000-02-09,0.6526
2000-02-08,0.6830
2000-02-07,0.8538
2000-02-04,0.6690
2000-02-03,0.5707
2000-02-02,0.5806
2000-02-01,0.5930
2000-01-31,0.4757
2000-01-28,0.4618
2000-01-27,0.5773
2000-01-26,0.4561
2000-01-25,0.3059
2000-01-24,0.2615
2000-01-21,0.3150
2000-01-20,0.3924
2000-01-19,0.4241
2000-01-18,0.5302
2000-01-14,0.5300
2000-01-13,0.4633
2000-01-12,0.5791
2000-01-11,0.7239
2000-01-10,0.6393
