time,SlowD,SlowK
2019-11-18,53.2695,33.6170
2019-11-15,68.1513,56.8896
2019-11-14,70.9263,69.3017
2019-11-13,64.6900,78.2626
2019-11-12,57.6581,65.2146
2019-11-11,56.4558,50.5928
2019-11-08,64.8951,57.1667
2019-11-07,74.3488,61.6079
2019-11-06,79.6688,75.9108
2019-11-05,80.2281,85.5277
2019-11-04,76.5255,77.5679
2019-11-01,80.1639,77.5886
2019-10-31,83.4513,74.4199
2019-10-30,85.6921,88.4831
2019-10-29,76.4150,87.4508
2019-10-28,57.7807,81.1425
2019-10-25,37.0481,60.6516
2019-10-24,21.8480,31.5480
2019-10-23,22.2939,18.9446
2019-10-22,29.2117,15.0514
2019-10-21,41.8020,32.8856
2019-10-18,50.8466,39.6979
2019-10-17,61.4497,52.8224
2019-10-16,70.8070,60.0195
2019-10-15,77.6355,71.5073
2019-10-14,79.8703,80.8942
2019-10-11,79.0366,80.5051
2019-10-10,80.7835,78.2117
2019-10-09,86.0656,78.3932
2019-10-08,84.8310,85.7457
2019-10-07,73.3302,94.0580
2019-10-04,53.4256,74.6894
2019-10-03,40.1432,51.2432
2019-10-02,36.0359,34.3444
2019-10-01,36.9217,34.8419
2019-09-30,35.2217,38.9212
2019-09-27,28.9034,37.0021
2019-09-26,19.9393,29.7418
2019-09-25,15.9343,19.9662
2019-09-24,17.0316,10.1099
2019-09-23,23.3810,17.7268
2019-09-20,24.8787,23.2580
2019-09-19,22.1519,29.1582
2019-09-18,15.2853,22.2199
2019-09-17,10.3163,15.0775
2019-09-16,8.6394,8.5586
2019-09-13,10.6847,7.3127
2019-09-12,13.0071,10.0471
2019-09-11,14.6934,14.6944
2019-09-10,13.4909,14.2799
2019-09-09,13.2924,15.1058
2019-09-06,14.4418,11.0871
2019-09-05,16.7628,13.6842
2019-09-04,17.4040,18.5540
2019-09-03,15.2605,18.0501
2019-08-30,17.3913,15.6080
2019-08-29,26.1343,12.1233
2019-08-28,43.1335,24.4426
2019-08-27,58.7189,41.8371
2019-08-26,69.5375,63.1207
2019-08-23,68.7794,71.1990
2019-08-22,60.5736,74.2928
2019-08-21,45.4458,60.8463
2019-08-20,32.3907,46.5818
2019-08-19,31.3752,28.9092
2019-08-16,42.0821,21.6811
2019-08-15,62.9170,43.5353
2019-08-14,75.4941,61.0297
2019-08-13,78.5568,84.1859
2019-08-12,65.8879,81.2666
2019-08-09,45.9728,70.2180
2019-08-08,32.0942,46.1792
2019-08-07,30.2800,21.5211
2019-08-06,41.6755,28.5824
2019-08-05,50.2941,40.7366
2019-08-02,53.5919,55.7076
2019-08-01,51.5600,54.4382
2019-07-31,47.7097,50.6300
2019-07-30,48.3065,49.6118
2019-07-29,51.3751,42.8872
2019-07-26,61.0610,52.4205
2019-07-25,69.7093,58.8177
2019-07-24,74.4633,71.9449
2019-07-23,71.2530,78.3652
2019-07-22,55.9289,73.0799
2019-07-19,38.8899,62.3140
2019-07-18,25.1075,32.3929
2019-07-17,26.7820,21.9629
2019-07-16,36.1142,20.9667
2019-07-15,52.3589,37.4163
2019-07-12,64.8893,49.9597
2019-07-11,73.9617,69.7007
2019-07-10,73.7273,75.0076
2019-07-09,73.4746,77.1767
2019-07-08,71.6149,68.9976
2019-07-05,68.7677,74.2494
2019-07-03,56.8427,71.5978
2019-07-02,39.3491,60.4559
2019-07-01,22.4327,38.4743
2019-06-28,13.0893,19.1169
2019-06-27,18.4450,9.7068
2019-06-26,36.6550,10.4442
2019-06-25,60.3179,35.1839
2019-06-24,72.9812,64.3370
2019-06-21,72.7798,81.4328
2019-06-20,62.0461,73.1737
2019-06-19,51.6031,63.7329
2019-06-18,42.5848,49.2317
2019-06-17,40.4731,41.8448
2019-06-14,46.1516,36.6779
2019-06-13,57.9238,42.8967
2019-06-12,73.2258,58.8801
2019-06-11,84.8462,71.9945
2019-06-10,90.6209,88.8029
2019-06-07,82.9005,93.7411
2019-06-06,70.4206,89.3186
2019-06-05,61.6310,65.6416
2019-06-04,62.4572,56.3016
2019-06-03,63.2378,62.9497
2019-05-31,55.4417,68.1202
2019-05-30,42.9387,58.6434
2019-05-29,35.5992,39.5615
2019-05-28,34.2192,30.6112
2019-05-24,38.7292,36.6249
2019-05-23,41.9736,35.4215
2019-05-22,44.7616,44.1413
2019-05-21,48.4901,46.3580
2019-05-20,46.2235,43.7855
2019-05-17,44.4552,55.3268
2019-05-16,41.1850,39.5583
2019-05-15,50.7017,38.4805
2019-05-14,67.3332,45.5162
2019-05-13,76.7913,68.1083
2019-05-10,80.2101,88.3751
2019-05-09,78.2822,73.8906
2019-05-08,86.0839,78.3647
2019-05-07,88.8935,82.5913
2019-05-06,89.2767,97.2958
2019-05-03,83.6416,86.7934
2019-05-02,85.1693,83.7410
2019-05-01,88.7021,80.3905
2019-04-30,94.0339,91.3762
2019-04-29,95.0519,94.3397
2019-04-26,93.5346,96.3858
2019-04-25,85.7324,94.4303
2019-04-24,71.5935,89.7876
2019-04-23,56.9542,72.9793
2019-04-22,52.0579,52.0136
2019-04-18,60.2221,45.8696
2019-04-17,71.7222,58.2906
2019-04-16,80.5190,76.5060
2019-04-15,82.9272,80.3699
2019-04-12,84.1787,84.6811
2019-04-11,81.1540,83.7307
2019-04-10,74.6737,84.1243
2019-04-09,64.6513,75.6069
2019-04-08,55.3891,64.2900
2019-04-05,49.8576,54.0570
2019-04-04,51.1209,47.8203
2019-04-03,53.6343,47.6955
2019-04-02,53.5236,57.8469
2019-04-01,51.3238,55.3603
2019-03-29,53.2800,47.3635
2019-03-28,63.0276,51.2475
2019-03-27,72.3148,61.2289
2019-03-26,80.9904,76.6064
2019-03-25,84.8203,79.1090
2019-03-22,82.2055,87.2557
2019-03-21,68.6092,88.0961
2019-03-20,56.5197,71.2648
2019-03-19,51.7689,46.4667
2019-03-18,61.3224,51.8275
2019-03-15,67.3992,57.0125
2019-03-14,67.7262,75.1272
2019-03-13,57.3076,70.0578
2019-03-12,42.0874,57.9936
2019-03-11,29.2975,43.8714
2019-03-08,20.9364,24.3971
2019-03-07,19.2911,19.6239
2019-03-06,19.9414,18.7883
2019-03-05,26.4875,19.4612
2019-03-04,40.7735,21.5746
2019-03-01,56.3897,38.4268
2019-02-28,59.8986,62.3191
2019-02-27,46.3043,68.4232
2019-02-26,28.6431,48.9535
2019-02-25,25.9006,21.5362
2019-02-22,42.7662,15.4397
2019-02-21,69.7217,40.7259
2019-02-20,87.2984,72.1330
2019-02-19,93.7597,96.3060
2019-02-15,89.2822,93.4562
2019-02-14,83.7439,91.5168
2019-02-13,70.8007,82.8735
2019-02-12,59.1414,76.8415
2019-02-11,50.6464,52.6873
2019-02-08,58.0347,47.8955
2019-02-07,71.6575,51.3566
2019-02-06,84.0413,74.8520
2019-02-05,88.7021,88.7639
2019-02-04,83.4167,88.5080
2019-02-01,77.2183,88.8345
2019-01-31,71.2605,72.9077
2019-01-30,73.5567,69.9126
2019-01-29,73.7919,70.9612
2019-01-28,67.7938,79.7964
2019-01-25,60.6345,70.6181
2019-01-24,61.0951,52.9668
2019-01-23,71.4605,58.3186
2019-01-22,79.6307,71.9997
2019-01-18,80.5659,84.0632
2019-01-17,78.4371,82.8292
2019-01-16,78.4800,74.8054
2019-01-15,85.2511,77.6768
2019-01-14,91.0168,82.9578
2019-01-11,95.0354,95.1185
2019-01-10,93.7646,94.9742
2019-01-09,83.3818,95.0134
2019-01-08,72.2180,91.3061
2019-01-07,62.6211,63.8257
2019-01-04,71.2107,61.5221
2019-01-03,81.5005,62.5155
2019-01-02,91.1855,89.5947
2018-12-31,84.9113,92.3913
2018-12-28,68.5840,91.5706
2018-12-27,47.3033,70.7721
2018-12-26,34.2432,43.4093
2018-12-24,30.9132,27.7285
2018-12-21,28.4593,31.5918
2018-12-20,22.8724,33.4193
2018-12-19,14.8592,20.3667
2018-12-18,11.5902,14.8312
2018-12-17,12.5256,9.3797
2018-12-14,18.1254,10.5597
2018-12-13,24.0402,17.6375
2018-12-12,28.9652,26.1789
2018-12-11,32.4052,28.3042
2018-12-10,43.0818,32.4125
2018-12-07,54.7174,36.4989
2018-12-06,68.9435,60.3339
2018-12-04,76.9686,67.3195
2018-12-03,82.2460,79.1771
2018-11-30,82.2619,84.4093
2018-11-29,73.9708,83.1517
2018-11-28,61.7957,79.2246
2018-11-27,46.2024,59.5360
2018-11-26,33.8827,46.6266
2018-11-23,32.7410,32.4446
2018-11-21,40.5684,22.5768
2018-11-20,53.5613,43.2017
2018-11-19,51.4882,55.9266
2018-11-16,38.1795,61.5555
2018-11-15,20.2088,36.9824
2018-11-14,13.8165,16.0007
2018-11-13,20.3205,7.6433
2018-11-12,34.5383,17.8056
2018-11-09,46.2050,35.5127
2018-11-08,54.2844,50.2966
2018-11-07,62.9760,52.8059
2018-11-06,74.4068,59.7509
2018-11-05,79.3983,76.3714
2018-11-02,70.8775,87.0980
2018-11-01,53.0635,74.7254
2018-10-31,41.7401,50.8092
2018-10-30,35.6988,33.6560
2018-10-29,35.7757,40.7553
2018-10-26,31.5239,32.6852
2018-10-25,30.9136,33.8865
2018-10-24,28.9627,27.9998
2018-10-23,34.5854,30.8545
2018-10-22,48.4248,28.0338
2018-10-19,65.3618,44.8679
2018-10-18,70.6372,72.3727
2018-10-17,57.2507,78.8449
2018-10-16,36.4815,60.6940
2018-10-15,18.6006,32.2133
2018-10-12,9.6603,16.5372
2018-10-11,7.8351,7.0511
2018-10-10,9.3205,5.3927
2018-10-09,15.1381,11.0614
2018-10-08,18.5885,11.5075
2018-10-05,23.9980,22.8453
2018-10-04,31.2697,21.4127
2018-10-03,46.8432,27.7360
2018-10-02,65.0054,44.6604
2018-10-01,78.2894,68.1331
2018-09-28,76.3944,82.2227
2018-09-27,67.2172,84.5125
2018-09-26,51.7467,62.4479
2018-09-25,43.6260,54.6913
2018-09-24,38.7624,38.1010
2018-09-21,35.5033,38.0857
2018-09-20,38.2743,40.1005
2018-09-19,44.5371,28.3237
2018-09-18,64.3110,46.3988
2018-09-17,79.7905,58.8890
2018-09-14,91.0975,87.6451
2018-09-13,89.0045,92.8374
2018-09-12,79.2164,92.8100
2018-09-11,63.2471,81.3660
2018-09-10,54.3297,63.4733
2018-09-07,57.6324,44.9020
2018-09-06,72.0046,54.6137
2018-09-05,82.2629,73.3814
2018-09-04,86.2509,88.0186
2018-08-31,87.0431,85.3888
2018-08-30,90.2755,85.3453
2018-08-29,93.1192,90.3954
2018-08-28,94.3536,95.0859
2018-08-27,92.4050,93.8763
2018-08-24,84.1409,94.0988
2018-08-23,70.6780,89.2400
2018-08-22,51.7115,69.0838
2018-08-21,38.0634,53.7102
2018-08-20,26.9728,32.3406
2018-08-17,26.6374,28.1395
2018-08-16,34.6079,20.4384
2018-08-15,52.1462,31.3343
2018-08-14,70.9725,52.0510
2018-08-13,84.7599,73.0534
2018-08-10,92.0040,87.8130
2018-08-09,90.7753,93.4133
2018-08-08,81.8646,94.7857
2018-08-07,62.4274,84.1270
2018-08-06,39.8410,66.6811
2018-08-03,19.1882,36.4740
2018-08-02,9.0271,16.3679
2018-08-01,10.3542,4.7227
2018-07-31,25.4262,5.9907
2018-07-30,44.7454,20.3491
2018-07-27,63.6672,49.9390
2018-07-26,66.1600,63.9481
2018-07-25,63.1792,77.1145
2018-07-24,54.6832,57.4174
2018-07-23,57.3542,55.0056
2018-07-20,64.7610,51.6265
2018-07-19,71.4973,65.4305
2018-07-18,75.6201,77.2259
2018-07-17,72.8777,71.8354
2018-07-16,71.2344,77.7991
2018-07-13,65.2448,68.9987
2018-07-12,66.1678,66.9055
2018-07-11,73.1883,59.8302
2018-07-10,83.5669,71.7676
2018-07-09,90.4732,87.9670
2018-07-06,89.1305,90.9662
2018-07-05,81.3576,92.4864
2018-07-03,63.8976,83.9390
2018-07-02,43.1683,67.6474
2018-06-29,24.5200,40.1065
2018-06-28,15.8804,21.7509
2018-06-27,17.8446,11.7027
2018-06-26,31.6397,14.1876
2018-06-25,53.2539,27.6436
2018-06-22,73.8549,53.0879
2018-06-21,85.1651,79.0303
2018-06-20,87.7234,89.4464
2018-06-19,86.0570,87.0187
2018-06-18,86.5832,86.7050
2018-06-15,85.8101,84.4473
2018-06-14,86.9967,88.5975
2018-06-13,84.3001,84.3855
2018-06-12,84.6895,88.0072
2018-06-11,84.2251,80.5076
2018-06-08,88.6145,85.5538
2018-06-07,90.6149,86.6141
2018-06-06,91.6306,93.6757
2018-06-05,87.0554,91.5549
2018-06-04,79.4764,89.6612
2018-06-01,66.9252,79.9502
2018-05-31,53.9096,68.8178
2018-05-30,39.7826,52.0075
2018-05-29,28.8995,40.9035
2018-05-25,24.1840,26.4368
2018-05-24,32.9743,19.3582
2018-05-23,51.7616,26.7570
2018-05-22,70.7651,52.8077
2018-05-21,76.2509,75.7201
2018-05-18,71.2928,83.7674
2018-05-17,66.5532,69.2650
2018-05-16,68.9398,60.8461
2018-05-15,75.0206,69.5484
2018-05-14,78.0547,76.4250
2018-05-11,81.4694,79.0884
2018-05-10,83.0980,78.6507
2018-05-09,83.2827,86.6689
2018-05-08,78.7311,83.9743
2018-05-07,72.1868,79.2049
2018-05-04,64.2773,73.0141
2018-05-03,54.0730,64.3415
2018-05-02,47.8713,55.4764
2018-05-01,40.8001,42.4011
2018-04-30,35.6607,45.7365
2018-04-27,25.3775,34.2628
2018-04-26,18.2545,26.9829
2018-04-25,17.3412,14.8869
2018-04-24,29.3859,12.8937
2018-04-23,50.0514,24.2432
2018-04-20,71.6695,51.0208
2018-04-19,82.6298,74.8902
2018-04-18,85.4316,89.0975
2018-04-17,78.0781,83.9018
2018-04-16,73.7464,83.2955
2018-04-13,66.7421,67.0370
2018-04-12,68.9310,70.9068
2018-04-11,69.6206,62.2824
2018-04-10,77.4658,73.6039
2018-04-09,80.4781,72.9755
2018-04-06,77.7092,85.8180
2018-04-05,65.3743,82.6408
2018-04-04,48.8697,64.6687
2018-04-03,35.3268,48.8133
2018-04-02,26.9963,33.1272
2018-03-29,22.1493,24.0399
2018-03-28,24.3259,23.8220
2018-03-27,31.1583,18.5859
2018-03-26,49.6348,30.5698
2018-03-23,65.6277,44.3190
2018-03-22,76.5263,74.0157
2018-03-21,71.5355,78.5483
2018-03-20,65.3820,77.0148
2018-03-19,56.5489,59.0434
2018-03-16,58.7885,60.0877
2018-03-15,63.5736,50.5156
2018-03-14,75.6943,65.7620
2018-03-13,84.4006,74.4431
2018-03-12,89.2200,86.8778
2018-03-09,90.0195,91.8808
2018-03-08,88.1671,88.9015
2018-03-07,83.3562,89.2762
2018-03-06,71.5261,86.3235
2018-03-05,55.5702,74.4690
2018-03-02,46.0216,53.7856
2018-03-01,47.8889,38.4560
2018-02-28,55.3637,45.8232
2018-02-27,64.0571,59.3875
2018-02-26,70.1581,60.8804
2018-02-23,81.3848,71.9036
2018-02-22,89.0827,77.6903
2018-02-21,94.8091,94.5605
2018-02-20,94.6627,94.9974
2018-02-16,94.3856,94.8694
2018-02-15,91.0116,94.1212
2018-02-14,79.8124,94.1660
2018-02-13,63.7409,84.7475
2018-02-12,50.0837,60.5236
2018-02-09,43.3194,45.9516
2018-02-08,42.2639,43.7760
2018-02-07,43.4809,40.2306
2018-02-06,50.3194,42.7852
2018-02-05,52.3792,47.4269
2018-02-02,54.5158,60.7460
2018-02-01,56.4558,48.9648
2018-01-31,67.6389,53.8366
2018-01-30,74.8333,66.5661
2018-01-29,78.5875,82.5139
2018-01-26,74.4757,75.4199
2018-01-25,67.9938,77.8286
2018-01-24,50.1029,70.1785
2018-01-23,30.5264,55.9743
2018-01-22,14.3348,24.1560
2018-01-19,18.7389,11.4490
2018-01-18,28.8411,7.3993
2018-01-17,43.6811,37.3684
2018-01-16,44.9857,41.7556
2018-01-12,49.3225,51.9193
2018-01-11,52.4351,41.2823
2018-01-10,62.0794,54.7658
2018-01-09,63.3095,61.2571
2018-01-08,58.3848,70.2154
2018-01-05,41.0206,58.4558
2018-01-04,27.0470,46.4833
2018-01-03,19.6165,18.1226
2018-01-02,28.6083,16.5353
2017-12-29,38.9945,24.1917
2017-12-28,51.4853,45.0980
2017-12-27,59.7241,47.6937
2017-12-26,73.1878,61.6643
2017-12-22,82.6619,69.8145
2017-12-21,88.7856,88.0845
2017-12-20,89.2572,90.0867
2017-12-19,88.9412,88.1855
2017-12-18,90.6036,89.4994
2017-12-15,88.4564,89.1386
2017-12-14,83.5676,93.1728
2017-12-13,72.7524,83.0579
2017-12-12,60.7531,74.4721
2017-12-11,45.1234,60.7272
2017-12-08,29.0978,47.0600
2017-12-07,17.6997,27.5829
2017-12-06,16.7223,12.6505
2017-12-05,21.2311,12.8658
2017-12-04,29.2718,24.6506
2017-12-01,37.0934,26.1768
2017-11-30,45.9645,36.9880
2017-11-29,49.4134,48.1154
2017-11-28,44.0111,52.7903
2017-11-27,39.6458,47.3347
2017-11-24,40.3692,31.9083
2017-11-22,52.8147,39.6943
2017-11-21,59.3114,49.5050
2017-11-20,55.3967,69.2447
2017-11-17,35.6630,59.1847
2017-11-16,18.0574,37.7608
2017-11-15,7.7030,10.0435
2017-11-14,8.3685,6.3677
2017-11-13,12.4506,6.6978
2017-11-10,23.3848,12.0399
2017-11-09,35.8706,18.6140
2017-11-08,51.6172,39.5004
2017-11-07,63.4456,49.4974
2017-11-06,74.8077,65.8539
2017-11-03,80.9497,74.9856
2017-11-02,77.4061,83.5835
2017-11-01,63.1344,84.2800
2017-10-31,40.3661,64.3547
2017-10-30,28.8221,40.7684
2017-10-27,31.8278,15.9752
2017-10-26,50.0543,29.7228
2017-10-25,58.1331,49.7853
2017-10-24,59.1998,70.6547
2017-10-23,52.1260,53.9592
2017-10-20,53.4518,52.9856
2017-10-19,53.2678,49.4331
2017-10-18,54.9956,57.9365
2017-10-17,55.4321,52.4339
2017-10-16,56.3183,54.6164
2017-10-13,49.2240,59.2460
2017-10-12,34.0787,55.0926
2017-10-11,20.2062,33.3333
2017-10-10,14.0919,13.8101
2017-10-09,20.2832,13.4752
2017-10-06,30.7012,14.9903
2017-10-05,50.3535,32.3839
2017-10-04,67.7481,44.7294
2017-10-03,83.3602,73.9471
2017-10-02,83.2016,84.5677
2017-09-29,73.1545,91.5658
2017-09-28,54.1820,73.4712
2017-09-27,41.5666,54.4265
2017-09-26,38.1114,34.6483
2017-09-25,46.7776,35.6251
2017-09-22,59.2920,44.0607
2017-09-21,71.8996,60.6470
2017-09-20,80.1838,73.1683
2017-09-19,85.4586,81.8834
2017-09-18,89.4975,85.4996
2017-09-15,90.6345,88.9928
2017-09-14,85.1274,94.0001
2017-09-13,73.5380,88.9107
2017-09-12,61.2215,72.4714
2017-09-11,59.8401,59.2318
2017-09-08,64.1853,51.9613
2017-09-07,73.4067,68.3273
2017-09-06,77.5965,72.2674
2017-09-05,78.3117,79.6255
2017-09-01,72.1057,80.8967
2017-08-31,59.8557,74.4129
2017-08-30,53.3205,61.0077
2017-08-29,55.1005,44.1467
2017-08-28,67.9961,54.8073
2017-08-25,73.4491,66.3474
2017-08-24,75.0375,82.8336
2017-08-23,68.5174,71.1663
2017-08-22,68.5627,71.1124
2017-08-21,65.9223,63.2735
2017-08-18,67.4133,71.3022
2017-08-17,62.9762,63.1913
2017-08-16,59.3401,67.7465
2017-08-15,50.3018,57.9909
2017-08-14,41.8470,52.2831
2017-08-11,33.0729,40.6314
2017-08-10,23.0103,32.6264
2017-08-09,17.0110,25.9609
2017-08-08,12.6118,10.4436
2017-08-07,14.3907,14.6284
2017-08-04,11.7131,12.7633
2017-08-03,10.8277,15.7803
2017-08-02,10.7207,6.5956
2017-08-01,23.6734,10.1071
2017-07-31,43.7597,15.4595
2017-07-28,68.8529,45.4534
2017-07-27,76.2849,70.3662
2017-07-26,68.2651,90.7389
2017-07-25,54.8264,67.7495
2017-07-24,49.7944,46.3068
2017-07-21,57.0242,50.4229
2017-07-20,60.0243,52.6536
2017-07-19,67.7377,67.9959
2017-07-18,72.0855,59.4234
2017-07-17,81.5782,75.7937
2017-07-14,81.5421,81.0396
2017-07-13,77.2883,87.9014
2017-07-12,63.7916,75.6852
2017-07-11,53.8548,68.2783
2017-07-10,41.5421,47.4112
2017-07-07,33.9646,45.8748
2017-07-06,23.4467,31.3402
2017-07-05,19.8590,24.6789
2017-07-03,19.2461,14.3209
2017-06-30,25.1223,20.5771
2017-06-29,34.6306,22.8404
2017-06-28,50.6828,31.9494
2017-06-27,68.8739,49.1018
2017-06-26,75.9773,70.9972
2017-06-23,73.6191,86.5228
2017-06-22,60.2086,70.4119
2017-06-21,48.5815,63.9227
2017-06-20,34.7780,46.2911
2017-06-19,28.5636,35.5308
2017-06-16,27.2798,22.5120
2017-06-15,28.7129,27.6482
2017-06-14,32.2731,31.6794
2017-06-13,42.1529,26.8110
2017-06-12,60.5259,38.3289
2017-06-09,72.1016,61.3188
2017-06-08,73.4542,81.9299
2017-06-07,62.5175,73.0561
2017-06-06,51.1468,65.3766
2017-06-05,37.9641,49.1199
2017-06-02,38.2210,38.9439
2017-06-01,47.0785,25.8284
2017-05-31,64.3734,49.8908
2017-05-30,66.6363,65.5161
2017-05-26,63.2351,77.7134
2017-05-25,50.9336,56.6795
2017-05-24,44.6175,55.3126
2017-05-23,31.9604,40.8086
2017-05-22,25.7758,37.7314
2017-05-19,25.4554,17.3410
2017-05-18,39.4112,22.2550
2017-05-17,50.9809,36.7701
2017-05-16,57.3470,59.2085
2017-05-15,54.1348,56.9640
2017-05-12,52.4064,55.8685
2017-05-11,44.7620,49.5719
2017-05-10,36.3597,51.7789
2017-05-09,24.9733,32.9353
2017-05-08,20.9299,24.3650
2017-05-05,23.4829,17.6196
2017-05-04,34.7111,20.8052
2017-05-03,51.0127,32.0239
2017-05-02,65.5588,51.3042
2017-05-01,75.5335,69.7100
2017-04-28,81.1688,75.6621
2017-04-27,80.8464,81.2284
2017-04-26,70.6434,86.6160
2017-04-25,51.3869,74.6948
2017-04-24,32.3967,50.6195
2017-04-21,20.7030,28.8464
2017-04-20,18.4006,17.7242
2017-04-19,20.4805,15.5382
2017-04-18,26.9717,21.9392
2017-04-17,30.7928,23.9641
2017-04-13,39.9534,35.0118
2017-04-12,48.8778,33.4025
2017-04-11,62.7328,51.4457
2017-04-10,71.6378,61.7852
2017-04-07,78.3872,74.9674
2017-04-06,81.4121,78.1609
2017-04-05,81.2817,82.0332
2017-04-04,78.7317,84.0422
2017-04-03,73.7598,77.7696
2017-03-31,69.0800,74.3833
2017-03-30,59.8482,69.1264
2017-03-29,46.7472,63.7302
2017-03-28,33.4723,46.6880
2017-03-27,26.2421,29.8233
2017-03-24,29.9462,23.9057
2017-03-23,39.1579,24.9974
2017-03-22,51.6893,40.9356
2017-03-21,60.9418,51.5406
2017-03-20,70.6545,62.5916
2017-03-17,79.5838,68.6932
2017-03-16,87.7450,80.6786
2017-03-15,89.9443,89.3796
2017-03-14,85.7284,93.1769
2017-03-13,78.4307,87.2763
2017-03-10,69.8921,76.7320
2017-03-09,58.8113,71.2837
2017-03-08,42.3083,61.6607
2017-03-07,25.4721,43.4895
2017-03-06,14.6121,21.7748
2017-03-03,14.2308,11.1521
2017-03-02,23.6647,10.9095
2017-03-01,37.5730,20.6307
2017-02-28,53.3416,39.4538
2017-02-27,65.5744,52.6346
2017-02-24,79.1584,67.9365
2017-02-23,87.8703,76.1521
2017-02-22,93.0471,93.3865
2017-02-21,86.6502,94.0722
2017-02-17,74.9957,91.6826
2017-02-16,60.5717,74.1957
2017-02-15,56.7492,59.1089
2017-02-14,61.9624,48.4106
2017-02-13,67.3674,62.7283
2017-02-10,61.3434,74.7485
2017-02-09,46.2379,64.6255
2017-02-08,32.5795,44.6561
2017-02-07,24.1370,29.4322
2017-02-06,16.9549,23.6503
2017-02-03,11.3506,19.3285
2017-02-02,9.9149,7.8857
2017-02-01,18.2765,6.8374
2017-01-31,36.6280,15.0216
2017-01-30,58.8299,32.9704
2017-01-27,77.9794,61.8920
2017-01-26,85.3069,81.6275
2017-01-25,85.6226,90.4187
2017-01-24,84.6952,83.8746
2017-01-23,87.4710,82.5746
2017-01-20,89.3629,87.6363
2017-01-19,87.8300,92.2021
2017-01-18,85.9177,88.2504
2017-01-17,86.1574,83.0374
2017-01-13,89.1009,86.4653
2017-01-12,90.0722,88.9694
2017-01-11,90.9241,91.8680
2017-01-10,90.3141,89.3791
2017-01-09,86.3019,91.5252
2017-01-06,78.1670,90.0380
2017-01-05,69.5278,77.3426
2017-01-04,62.8285,67.1203
2017-01-03,57.6773,64.1203
2016-12-30,50.2432,57.2449
2016-12-29,44.2094,51.6667
2016-12-28,36.1947,41.8182
2016-12-27,29.5810,39.1434
2016-12-23,23.1729,27.6226
2016-12-22,22.6300,21.9770
2016-12-21,24.7331,19.9192
2016-12-20,27.7644,25.9938
2016-12-19,25.6476,28.2864
2016-12-16,19.6627,29.0131
2016-12-15,13.5009,19.6434
2016-12-14,16.3350,10.3316
2016-12-13,27.6880,10.5278
2016-12-12,41.7020,28.1455
2016-12-09,49.0238,44.3906
2016-12-08,46.3447,52.5699
2016-12-07,37.9941,50.1109
2016-12-06,25.3106,36.3532
2016-12-05,18.8069,27.5182
2016-12-02,17.7120,12.0603
2016-12-01,29.6696,16.8423
2016-11-30,47.1221,24.2334
2016-11-29,67.2630,47.9329
2016-11-28,81.0399,69.1999
2016-11-25,88.0800,84.6562
2016-11-23,88.9768,89.2635
2016-11-22,83.6797,90.3203
2016-11-21,74.7270,87.3466
2016-11-18,66.2085,73.3722
2016-11-17,68.1138,63.4621
2016-11-16,75.8008,61.7913
2016-11-15,86.6781,79.0881
2016-11-14,89.5753,86.5232
2016-11-11,86.3883,94.4232
2016-11-10,71.4796,87.7794
2016-11-09,51.2252,76.9623
2016-11-08,28.7015,49.6970
2016-11-07,17.9314,27.0163
2016-11-04,15.3404,9.3912
2016-11-03,19.9085,17.3867
2016-11-02,19.3983,19.2434
2016-11-01,16.7762,23.0954
2016-10-31,13.4207,15.8561
2016-10-28,16.9064,11.3770
2016-10-27,27.4350,13.0290
2016-10-26,40.8698,26.3131
2016-10-25,53.7763,42.9630
2016-10-24,62.3263,53.3333
2016-10-21,68.2220,65.0327
2016-10-20,65.5773,68.6129
2016-10-19,60.2990,71.0203
2016-10-18,55.1440,57.0988
2016-10-17,56.1728,52.7778
2016-10-14,60.3185,55.5556
2016-10-13,58.3005,60.1852
2016-10-12,52.7686,65.2148
2016-10-11,45.1658,49.5014
2016-10-10,46.9104,43.5897
2016-10-07,47.0406,42.4063
2016-10-06,42.6914,54.7352
2016-10-05,35.7759,43.9803
2016-10-04,37.9786,29.3586
2016-10-03,50.1057,33.9889
2016-09-30,56.9568,50.5883
2016-09-29,53.3135,65.7399
2016-09-28,41.4474,54.5422
2016-09-27,32.2787,39.6582
2016-09-26,31.3054,30.1419
2016-09-23,34.0064,27.0358
2016-09-22,44.8356,36.7386
2016-09-21,57.4771,38.2447
2016-09-20,72.4716,59.5235
2016-09-19,72.7896,74.6632
2016-09-16,61.7487,83.2282
2016-09-15,42.1432,60.4774
2016-09-14,35.2837,41.5407
2016-09-13,41.3878,24.4116
2016-09-12,62.7999,39.8988
2016-09-09,80.6982,59.8529
2016-09-08,89.2236,88.6480
2016-09-07,85.1733,93.5935
2016-09-06,78.1830,85.4291
2016-09-02,73.0411,76.4972
2016-09-01,70.4680,72.6229
2016-08-31,68.3227,70.0032
2016-08-30,67.4208,68.7781
2016-08-29,70.1019,66.1868
2016-08-26,75.6589,67.2977
2016-08-25,83.0293,76.8212
2016-08-24,83.6119,82.8578
2016-08-23,74.8754,89.4090
2016-08-22,58.0421,78.5689
2016-08-19,44.3047,56.6484
2016-08-18,44.9258,38.9089
2016-08-17,56.9235,37.3566
2016-08-16,73.4423,58.5120
2016-08-15,83.7942,74.9021
2016-08-12,88.6404,86.9127
2016-08-11,87.7242,89.5677
2016-08-10,84.4591,89.4408
2016-08-09,75.5526,84.1643
2016-08-08,66.1619,79.7723
2016-08-05,57.8837,62.7214
2016-08-04,59.3619,55.9919
2016-08-03,64.5844,54.9378
2016-08-02,71.2992,67.1560
2016-08-01,74.3124,71.6595
2016-07-29,74.7418,75.0821
2016-07-28,68.6069,76.1955
2016-07-27,56.7995,72.9478
2016-07-26,48.2692,56.6775
2016-07-25,45.7081,40.7732
2016-07-22,51.5653,47.3570
2016-07-21,50.8196,48.9942
2016-07-20,46.4349,58.3448
2016-07-19,39.6035,45.1198
2016-07-18,40.5757,35.8401
2016-07-15,52.5032,37.8505
2016-07-14,67.3821,48.0365
2016-07-13,79.8878,71.6226
2016-07-12,83.9822,82.4873
2016-07-11,84.4384,85.5536
2016-07-08,84.9728,83.9056
2016-07-07,88.4491,83.8560
2016-07-06,92.2880,87.1568
2016-07-05,94.9583,94.3346
2016-07-01,89.9207,95.3724
2016-06-30,80.2036,95.1679
2016-06-29,66.9791,79.2218
2016-06-28,59.4185,66.2210
2016-06-27,54.4061,55.4946
2016-06-24,52.3155,56.5399
2016-06-23,45.2962,51.1837
2016-06-22,37.9718,49.2229
2016-06-21,28.8491,35.4819
2016-06-20,28.9150,29.2106
2016-06-17,33.3109,21.8548
2016-06-16,45.2956,35.6797
2016-06-15,56.5181,42.3982
2016-06-14,71.4841,57.8089
2016-06-13,80.3788,69.3473
2016-06-10,79.8590,87.2960
2016-06-09,68.4690,84.4931
2016-06-08,59.1525,67.7879
2016-06-07,59.0948,53.1260
2016-06-06,69.3648,56.5436
2016-06-03,80.2502,67.6148
2016-06-02,86.9919,83.9360
2016-06-01,84.4965,89.1999
2016-05-31,74.6761,87.8399
2016-05-27,61.6822,76.4498
2016-05-26,53.3114,59.7386
2016-05-25,48.8589,48.8583
2016-05-24,49.5914,51.3374
2016-05-23,43.1444,46.3810
2016-05-20,38.0801,51.0559
2016-05-19,35.3058,31.9964
2016-05-18,46.8621,31.1878
2016-05-17,65.1748,42.7331
2016-05-16,80.5375,66.6654
2016-05-13,86.8923,86.1259
2016-05-12,85.0585,88.8214
2016-05-11,79.1979,85.7297
2016-05-10,70.4907,80.6243
2016-05-09,61.1790,71.2396
2016-05-06,57.5436,59.6080
2016-05-05,62.1077,52.6894
2016-05-04,72.8391,60.3333
2016-05-03,79.7158,73.3003
2016-05-02,80.8857,84.8836
2016-04-29,78.2839,80.9634
2016-04-28,78.4153,76.8100
2016-04-27,82.5642,77.0782
2016-04-26,87.7426,81.3577
2016-04-25,92.3278,89.2566
2016-04-22,94.7653,92.6135
2016-04-21,95.4177,95.1134
2016-04-20,95.1603,96.5691
2016-04-19,90.1864,94.5707
2016-04-18,84.5999,94.3411
2016-04-15,74.0738,81.6475
2016-04-14,69.8472,77.8112
2016-04-13,66.0593,62.7626
2016-04-12,71.3384,68.9678
2016-04-11,72.0230,66.4474
2016-04-08,74.1012,78.6001
2016-04-07,70.0894,71.0215
2016-04-06,73.3338,72.6821
2016-04-05,78.0021,66.5647
2016-04-04,87.6791,80.7545
2016-04-01,88.9169,86.6870
2016-03-31,82.3853,95.5958
2016-03-30,66.4310,84.4678
2016-03-29,48.0582,67.0922
2016-03-28,34.8568,47.7331
2016-03-24,28.5857,29.3494
2016-03-23,32.8960,27.4880
2016-03-22,39.4814,28.9198
2016-03-21,42.6798,42.2802
2016-03-18,43.1900,47.2441
2016-03-17,47.2081,38.5151
2016-03-16,58.5237,43.8108
2016-03-15,65.3016,59.2984
2016-03-14,59.2522,72.4620
2016-03-11,52.6024,64.1444
2016-03-10,50.6687,41.1503
2016-03-09,62.6008,52.5124
2016-03-08,71.7950,58.3433
2016-03-07,79.7185,76.9467
2016-03-04,76.6563,80.0950
2016-03-03,65.8252,82.1139
2016-03-02,50.3461,67.7601
2016-03-01,39.4947,47.6016
2016-02-29,31.8266,35.6767
2016-02-26,31.4121,35.2060
2016-02-25,36.5137,24.5970
2016-02-24,54.1021,34.4333
2016-02-23,72.5742,50.5109
2016-02-22,84.9861,77.3622
2016-02-19,88.2317,89.8495
2016-02-18,82.7482,87.7466
2016-02-17,75.2903,87.0989
2016-02-16,59.6453,73.3992
2016-02-12,44.0043,65.3727
2016-02-11,25.6510,40.1641
2016-02-10,16.7005,26.4761
2016-02-09,13.3367,10.3127
2016-02-08,16.1074,13.3128
2016-02-05,21.9892,16.3847
2016-02-04,29.3683,18.6246
2016-02-03,36.9356,30.9584
2016-02-02,37.5361,38.5220
2016-02-01,39.7186,41.3265
2016-01-29,46.1595,32.7597
2016-01-28,61.5475,45.0694
2016-01-27,67.9158,60.6492
2016-01-26,64.3650,78.9238
2016-01-25,46.6462,64.1744
2016-01-22,34.1548,49.9967
2016-01-21,27.8656,25.7675
2016-01-20,31.4649,26.7002
2016-01-19,34.3803,31.1292
2016-01-15,32.7115,36.5654
2016-01-14,27.4495,35.4462
2016-01-13,22.8491,26.1230
2016-01-12,29.3651,20.7792
2016-01-11,45.1231,21.6450
2016-01-08,63.2626,45.6710
2016-01-07,71.0061,68.0532
2016-01-06,65.3193,76.0636
2016-01-05,59.9991,68.9016
2016-01-04,56.5232,50.9927
2015-12-31,61.9271,60.1029
2015-12-30,58.1202,58.4741
2015-12-29,52.0434,67.2043
2015-12-28,39.7233,48.6821
2015-12-24,30.0496,40.2439
2015-12-23,22.7663,30.2439
2015-12-22,22.4382,19.6610
2015-12-21,26.9786,18.3938
2015-12-18,28.9271,29.2596
2015-12-17,21.5213,33.2822
2015-12-16,15.4170,24.2396
2015-12-15,14.6708,7.0421
2015-12-14,24.8929,14.9693
2015-12-11,29.9265,22.0011
2015-12-10,36.3891,37.7083
2015-12-09,37.3042,30.0700
2015-12-08,49.8884,41.3891
2015-12-07,62.4126,40.4536
2015-12-04,80.5908,67.8225
2015-12-03,88.8249,78.9617
2015-12-02,92.4056,94.9881
2015-12-01,85.1501,92.5247
2015-11-30,79.2977,89.7039
2015-11-27,75.1799,73.2215
2015-11-25,82.7273,74.9677
2015-11-24,90.0675,77.3504
2015-11-23,93.4200,95.8639
2015-11-20,86.7756,96.9881
2015-11-19,71.6250,87.4080
2015-11-18,58.3840,75.9306
2015-11-17,49.5305,51.5362
2015-11-16,50.5253,47.6852
2015-11-13,53.1318,49.3701
2015-11-12,53.6362,54.5206
2015-11-11,54.4540,55.5048
2015-11-10,55.2048,50.8832
2015-11-09,56.3797,56.9740
2015-11-06,58.9701,57.7571
2015-11-05,63.3978,54.4079
2015-11-04,69.9572,64.7452
2015-11-03,71.4495,71.0403
2015-11-02,68.7836,74.0861
2015-10-30,69.4876,69.2220
2015-10-29,72.6160,63.0428
2015-10-28,81.0955,76.1980
2015-10-27,83.8876,78.6073
2015-10-26,86.6033,88.4811
2015-10-23,86.4368,84.5742
2015-10-22,88.6755,86.7547
2015-10-21,91.1314,87.9816
2015-10-20,88.2982,91.2903
2015-10-19,79.3811,94.1224
2015-10-16,65.2426,79.4819
2015-10-15,59.6577,64.5389
2015-10-14,64.0485,51.7069
2015-10-13,76.5489,62.7273
2015-10-12,87.4266,77.7114
2015-10-09,93.8472,89.2080
2015-10-08,96.9055,95.3603
2015-10-07,90.6302,96.9732
2015-10-06,75.0682,98.3830
2015-10-05,49.3073,76.5345
2015-10-02,27.6447,50.2871
2015-10-01,12.6845,21.1003
2015-09-30,8.1814,11.5468
2015-09-29,9.4753,5.4065
2015-09-28,14.9376,7.5909
2015-09-25,22.2213,15.4284
2015-09-24,33.5617,21.7936
2015-09-23,49.0747,29.4419
2015-09-22,62.6699,49.4496
2015-09-21,67.0235,68.3327
2015-09-18,60.8501,70.2276
2015-09-17,52.9264,62.5102
2015-09-16,45.8953,49.8124
2015-09-15,41.5040,46.4567
2015-09-14,40.6297,41.4169
2015-09-11,42.0594,36.6385
2015-09-10,48.3233,43.8338
2015-09-09,51.0667,45.7059
2015-09-08,47.7642,55.4303
2015-09-04,35.6651,52.0639
2015-09-03,23.9112,35.7985
2015-09-02,18.6482,19.1329
2015-09-01,20.7199,16.8021
2015-08-31,19.6788,20.0096
2015-08-28,18.3410,25.3480
2015-08-27,15.4011,13.6789
2015-08-26,19.7395,15.9961
2015-08-25,26.9977,16.5285
2015-08-24,37.7092,26.6938
2015-08-21,50.0276,37.7709
2015-08-20,58.6227,48.6629
2015-08-19,62.8483,63.6490
2015-08-18,54.9502,63.5562
2015-08-17,45.7451,61.3397
2015-08-14,35.7722,39.9545
2015-08-13,33.5660,35.9411
2015-08-12,30.4635,31.4208
2015-08-11,29.2145,33.3360
2015-08-10,28.9670,26.6335
2015-08-07,35.0188,27.6740
2015-08-06,44.2615,32.5933
2015-08-05,56.7544,44.7890
2015-08-04,61.5030,55.4022
2015-08-03,59.0443,70.0718
2015-07-31,47.8147,59.0349
2015-07-30,43.5608,48.0262
2015-07-29,48.0473,36.3831
2015-07-28,58.8165,46.2732
2015-07-27,68.3563,61.4855
2015-07-24,73.2591,68.6909
2015-07-23,77.1003,74.8925
2015-07-22,78.1602,76.1939
2015-07-21,80.3902,80.2145
2015-07-20,83.3650,78.0723
2015-07-17,87.8517,82.8837
2015-07-16,89.8944,89.1389
2015-07-15,83.6664,91.5324
2015-07-14,72.3457,89.0119
2015-07-13,58.4027,70.4551
2015-07-10,47.3043,57.5702
2015-07-09,37.6064,47.1828
2015-07-08,27.4903,37.1598
2015-07-07,22.1951,28.4766
2015-07-06,19.0472,16.8346
2015-07-02,18.6535,21.2743
2015-07-01,19.1013,19.0327
2015-06-30,21.6327,15.6537
2015-06-29,29.8740,22.6177
2015-06-26,38.4376,26.6267
2015-06-25,51.8598,40.3776
2015-06-24,63.3444,48.3085
2015-06-23,69.0804,66.8932
2015-06-22,67.7284,74.8314
2015-06-19,56.0358,65.5165
2015-06-18,46.9890,62.8374
2015-06-17,32.3783,39.7535
2015-06-16,30.4790,38.3759
2015-06-15,28.1673,19.0054
2015-06-12,35.6496,34.0557
2015-06-11,38.2296,31.4406
2015-06-10,43.6522,41.4525
2015-06-09,49.0013,41.7956
2015-06-08,56.8524,47.7083
2015-06-05,65.5729,57.5000
2015-06-04,70.9013,65.3490
2015-06-03,70.2517,73.8698
2015-06-02,64.4164,73.4852
2015-06-01,54.4856,63.4002
2015-05-29,49.3680,56.3637
2015-05-28,49.2754,43.6928
2015-05-27,59.8224,48.0473
2015-05-26,70.8090,56.0860
2015-05-22,80.8287,75.3340
2015-05-21,80.9896,81.0069
2015-05-20,80.6901,86.1452
2015-05-19,79.0420,75.8166
2015-05-18,85.2183,80.1084
2015-05-15,89.6779,81.2011
2015-05-14,93.7931,94.3452
2015-05-13,94.2943,93.4874
2015-05-12,95.7875,93.5466
2015-05-11,90.0044,95.8488
2015-05-08,78.6972,97.9669
2015-05-07,63.8445,76.1974
2015-05-06,53.7808,61.9274
2015-05-05,43.7821,53.4086
2015-05-04,32.6768,46.0064
2015-05-01,25.0613,31.9314
2015-04-30,24.5660,20.0926
2015-04-29,32.8549,23.1599
2015-04-28,48.5197,30.4455
2015-04-27,65.2580,44.9593
2015-04-24,76.2630,70.1543
2015-04-23,74.9937,80.6603
2015-04-22,69.2100,77.9745
2015-04-21,65.6614,66.3462
2015-04-20,70.2639,63.3094
2015-04-17,76.6134,67.3285
2015-04-16,83.2801,80.1537
2015-04-15,83.8616,82.3578
2015-04-14,85.9185,87.3288
2015-04-13,84.8519,81.8982
2015-04-10,87.0716,88.5286
2015-04-09,87.6506,84.1290
2015-04-08,89.6000,88.5573
2015-04-07,90.6044,90.2656
2015-04-06,89.0669,89.9770
2015-04-02,82.5280,91.5706
2015-04-01,67.6173,85.6530
2015-03-31,49.7047,70.3604
2015-03-30,32.7433,46.8384
2015-03-27,27.5544,31.9154
2015-03-26,31.8199,19.4762
2015-03-25,47.8066,31.2715
2015-03-24,60.5016,44.7121
2015-03-23,67.9368,67.4360
2015-03-20,63.6940,69.3567
2015-03-19,56.5090,67.0175
2015-03-18,49.1242,54.7076
2015-03-17,44.9231,47.8018
2015-03-16,40.9154,44.8632
2015-03-13,35.4316,42.1043
2015-03-12,31.1747,35.7786
2015-03-11,31.7634,28.4120
2015-03-10,32.2091,29.3335
2015-03-09,29.6248,37.5449
2015-03-06,19.1880,29.7489
2015-03-05,10.6279,21.5806
2015-03-04,5.2371,6.2345
2015-03-03,5.1127,4.0686
2015-03-02,8.3551,5.4083
2015-02-27,14.8636,5.8610
2015-02-26,29.3761,13.7959
2015-02-25,44.7305,24.9338
2015-02-24,53.4468,49.3985
2015-02-23,46.5917,59.8593
2015-02-20,33.2445,51.0827
2015-02-19,26.3943,28.8331
2015-02-18,31.0435,19.8177
2015-02-17,36.9312,30.5320
2015-02-13,35.4747,42.7807
2015-02-12,31.2995,37.4809
2015-02-11,32.2618,26.1625
2015-02-10,39.6303,30.2550
2015-02-09,39.7239,40.3677
2015-02-06,32.0816,48.2683
2015-02-05,20.6173,30.5358
2015-02-04,18.6440,17.4406
2015-02-03,27.4113,13.8757
2015-02-02,44.2624,24.6157
2015-01-30,62.1762,43.7425
2015-01-29,77.0157,64.4289
2015-01-28,83.9089,78.3573
2015-01-27,82.8736,88.2608
2015-01-26,76.1637,85.1087
2015-01-23,64.5389,75.2514
2015-01-22,52.0315,68.1311
2015-01-21,37.0867,50.2343
2015-01-20,26.4685,37.7291
2015-01-16,19.2556,23.2966
2015-01-15,15.3749,18.3798
2015-01-14,20.7761,16.0903
2015-01-13,36.1557,11.6544
2015-01-12,56.5919,34.5836
2015-01-09,61.3918,62.2291
2015-01-08,52.7991,72.9631
2015-01-07,41.5225,48.9833
2015-01-06,41.7057,36.4508
2015-01-05,43.7322,39.1335
2015-01-02,47.9569,49.5327
2014-12-31,52.4144,42.5304
2014-12-30,66.0426,51.8075
2014-12-29,76.0326,62.9053
2014-12-26,80.9077,83.4148
2014-12-24,73.6028,81.7775
2014-12-23,60.6854,77.5308
2014-12-22,42.9308,61.5000
2014-12-19,26.6290,43.0255
2014-12-18,18.4572,24.2670
2014-12-17,23.0353,12.5944
2014-12-16,36.9272,18.5100
2014-12-15,54.9321,38.0013
2014-12-12,67.3138,54.2702
2014-12-11,77.1309,72.5248
2014-12-10,76.9545,75.1464
2014-12-09,74.7846,83.7217
2014-12-08,64.7217,71.9954
2014-12-05,53.9628,68.6366
2014-12-04,43.4728,53.5332
2014-12-03,42.2324,39.7187
2014-12-02,53.8803,37.1666
2014-12-01,70.4033,49.8120
2014-11-28,83.0024,74.6623
2014-11-26,86.1126,86.7355
2014-11-25,81.7961,87.6093
2014-11-24,75.9919,83.9929
2014-11-21,70.8899,73.7861
2014-11-20,72.5475,70.1967
2014-11-19,77.0358,68.6868
2014-11-18,84.1898,78.7590
2014-11-17,87.8488,83.6617
2014-11-14,87.6518,90.1489
2014-11-13,82.0436,89.7358
2014-11-12,71.9249,83.0708
2014-11-11,65.6016,73.3241
2014-11-10,62.5155,59.3799
2014-11-07,68.0357,64.1009
2014-11-06,71.6039,64.0657
2014-11-05,74.5007,75.9405
2014-11-04,69.8089,74.8057
2014-11-03,60.9032,72.7558
2014-10-31,46.8106,61.8651
2014-10-30,31.7740,48.0886
2014-10-29,17.9592,30.4780
2014-10-28,10.6408,16.7553
2014-10-27,14.8561,6.6442
2014-10-24,27.5650,8.5230
2014-10-23,44.7240,29.4010
2014-10-22,58.3019,44.7709
2014-10-21,64.6359,60.0000
2014-10-20,61.6942,70.1347
2014-10-17,46.4363,63.7728
2014-10-16,29.8962,51.1749
2014-10-15,17.0813,24.3610
2014-10-14,16.6798,14.1528
2014-10-13,22.8965,12.7300
2014-10-10,34.8940,23.1566
2014-10-09,46.8039,32.8030
2014-10-08,61.6035,48.7225
2014-10-07,72.2140,58.8861
2014-10-06,74.2733,77.2018
2014-10-03,70.0355,80.5539
2014-10-02,57.6884,65.0641
2014-10-01,46.9364,64.4885
2014-09-30,27.4287,43.5127
2014-09-29,14.4191,32.8079
2014-09-26,6.0987,5.9653
2014-09-25,9.6417,4.4839
2014-09-24,16.6061,7.8467
2014-09-23,28.9939,16.5946
2014-09-22,42.2272,25.3771
2014-09-19,55.5073,45.0100
2014-09-18,64.2156,56.2946
2014-09-17,72.7090,65.2174
2014-09-16,75.6919,71.1347
2014-09-15,71.2879,81.7748
2014-09-12,56.8316,74.1661
2014-09-11,41.1751,57.9228
2014-09-10,29.3225,38.4058
2014-09-09,26.7915,27.1969
2014-09-08,34.0039,22.3648
2014-09-05,43.4878,30.8127
2014-09-04,43.8496,48.8342
2014-09-03,32.3562,50.8164
2014-09-02,17.8170,31.8981
2014-08-29,11.3684,14.3540
2014-08-28,12.3336,7.1987
2014-08-27,24.5906,12.5526
2014-08-26,36.7421,17.2494
2014-08-25,54.7498,43.9697
2014-08-22,64.0393,49.0072
2014-08-21,77.0870,71.2724
2014-08-20,82.7573,71.8385
2014-08-19,84.1739,88.1503
2014-08-18,71.2363,88.2831
2014-08-15,50.5455,76.0883
2014-08-14,30.3584,49.3374
2014-08-13,21.8741,26.2108
2014-08-12,26.9063,15.5271
2014-08-11,39.8002,23.8843
2014-08-08,47.8514,41.3075
2014-08-07,43.1767,54.2086
2014-08-06,29.1768,48.0380
2014-08-05,19.7871,27.2835
2014-08-04,23.8842,12.2088
2014-08-01,32.9455,19.8690
2014-07-31,38.8971,39.5746
2014-07-30,36.0722,39.3928
2014-07-29,36.0932,37.7237
2014-07-28,38.4430,31.1000
2014-07-25,38.1779,39.4558
2014-07-24,31.8523,44.7733
2014-07-23,19.1855,30.3047
2014-07-22,11.9047,20.4789
2014-07-21,8.9638,6.7728
2014-07-18,14.0450,8.4623
2014-07-17,20.3608,11.6563
2014-07-16,26.5689,22.0164
2014-07-15,32.6611,27.4097
2014-07-14,37.8703,30.2806
2014-07-11,41.1566,40.2930
2014-07-10,36.5858,43.0373
2014-07-09,30.2155,40.1395
2014-07-08,29.3287,26.5806
2014-07-07,36.0882,23.9263
2014-07-03,50.0089,37.4793
2014-07-02,61.8119,46.8590
2014-07-01,74.0154,65.6885
2014-06-30,81.2298,72.8881
2014-06-27,85.7333,83.4697
2014-06-26,82.4074,87.3316
2014-06-25,71.6538,86.3987
2014-06-24,58.0384,73.4918
2014-06-23,46.8134,55.0708
2014-06-20,42.8846,45.5526
2014-06-19,45.0214,39.8169
2014-06-18,53.5086,43.2843
2014-06-17,64.3825,51.9629
2014-06-16,73.7170,65.2785
2014-06-13,80.9548,75.9059
2014-06-12,80.6970,79.9665
2014-06-11,72.1065,86.9921
2014-06-10,52.9169,75.1323
2014-06-09,34.6646,54.1950
2014-06-06,29.5101,29.4234
2014-06-05,40.4825,20.3752
2014-06-04,63.2766,38.7317
2014-06-03,81.9139,62.3406
2014-06-02,91.2146,88.7573
2014-05-30,83.3038,94.6438
2014-05-29,72.0458,90.2426
2014-05-28,60.6131,65.0252
2014-05-27,60.3119,60.8695
2014-05-23,55.5692,55.9445
2014-05-22,48.2397,64.1215
2014-05-21,33.3848,46.6415
2014-05-20,20.5841,33.9560
2014-05-19,11.6386,19.5568
2014-05-16,11.0241,8.2393
2014-05-15,15.0350,7.1198
2014-05-14,17.7393,17.7132
2014-05-13,14.9116,20.2720
2014-05-12,10.7032,15.2327
2014-05-09,10.9031,9.2300
2014-05-08,15.6244,7.6468
2014-05-07,25.5766,15.8323
2014-05-06,34.8670,23.3939
2014-05-05,40.5920,37.5035
2014-05-02,39.7844,43.7036
2014-05-01,31.6955,40.5690
2014-04-30,24.8481,35.0806
2014-04-29,24.8892,19.4368
2014-04-28,39.5911,20.0268
2014-04-25,57.8461,35.2040
2014-04-24,68.0250,63.5426
2014-04-23,62.9543,74.7917
2014-04-22,50.4893,65.7408
2014-04-21,37.8587,48.3303
2014-04-17,30.7914,37.3968
2014-04-16,32.5160,27.8492
2014-04-15,44.8328,27.1281
2014-04-14,56.1966,42.5707
2014-04-11,55.3383,64.7998
2014-04-10,38.2805,61.2192
2014-04-09,28.0304,39.9957
2014-04-08,30.5381,13.6267
2014-04-07,48.6755,30.4689
2014-04-04,61.7714,47.5187
2014-04-03,64.0303,68.0390
2014-04-02,52.3913,69.7564
2014-04-01,32.1216,54.2957
2014-03-31,16.8674,33.1219
2014-03-28,9.3976,8.9472
2014-03-27,11.0794,8.5332
2014-03-26,15.4628,10.7124
2014-03-25,22.7659,13.9927
2014-03-24,33.4592,21.6834
2014-03-21,42.9777,32.6214
2014-03-20,47.7027,46.0728
2014-03-19,44.0371,50.2390
2014-03-18,37.7578,46.7963
2014-03-17,29.7189,35.0759
2014-03-14,24.5386,31.4012
2014-03-13,18.6987,22.6796
2014-03-12,17.6331,19.5349
2014-03-11,17.1940,13.8815
2014-03-10,20.2150,19.4830
2014-03-07,21.3572,18.2176
2014-03-06,27.9050,22.9443
2014-03-05,35.8336,22.9097
2014-03-04,48.7445,37.8611
2014-03-03,59.2074,46.7299
2014-02-28,67.3206,61.6425
2014-02-27,71.6829,69.2498
2014-02-26,70.8972,71.0696
2014-02-25,63.6682,74.7292
2014-02-24,48.4544,66.8928
2014-02-21,34.4207,49.3825
2014-02-20,31.4212,29.0877
2014-02-19,41.3839,24.7920
2014-02-18,59.4940,40.3840
2014-02-14,73.7634,58.9758
2014-02-13,81.2572,79.1222
2014-02-12,72.4494,83.1923
2014-02-11,54.1342,81.4570
2014-02-10,30.6334,52.6988
2014-02-07,19.8447,28.2468
2014-02-06,25.5323,10.9548
2014-02-05,38.8067,20.3327
2014-02-04,45.1727,45.3095
2014-02-03,36.8343,50.7778
2014-01-31,23.8697,39.4308
2014-01-30,18.1921,20.2942
2014-01-29,26.9333,11.8841
2014-01-28,46.3781,22.3980
2014-01-27,69.3128,46.5178
2014-01-24,84.6842,70.2186
2014-01-23,92.7390,91.2022
2014-01-22,93.7283,92.6318
2014-01-21,94.2419,94.3830
2014-01-17,95.8301,94.1700
2014-01-16,97.3611,94.1727
2014-01-15,97.2499,99.1476
2014-01-14,86.6853,98.7630
2014-01-13,65.4762,93.8392
2014-01-10,37.7625,67.4537
2014-01-09,17.3224,35.1357
2014-01-08,9.6654,10.6982
2014-01-07,10.6356,6.1334
2014-01-06,18.2721,12.1645
2014-01-03,31.1116,13.6088
2014-01-02,51.9959,29.0430
2013-12-31,70.5498,50.6832
2013-12-30,81.0504,76.2615
2013-12-27,82.8552,84.7045
2013-12-26,81.6098,82.1850
2013-12-24,82.9927,81.6760
2013-12-23,84.3507,80.9684
2013-12-20,87.1378,86.3337
2013-12-19,83.3432,85.7501
2013-12-18,74.8044,89.3295
2013-12-17,63.7253,74.9500
2013-12-16,62.2604,60.1336
2013-12-13,70.1044,56.0922
2013-12-12,81.2023,70.5555
2013-12-11,84.0573,83.6655
2013-12-10,79.1957,89.3859
2013-12-09,70.4140,79.1206
2013-12-06,69.1361,69.0806
2013-12-05,76.3106,63.0407
2013-12-04,85.7761,75.2869
2013-12-03,88.0487,90.6041
2013-12-02,80.6312,91.4374
2013-11-29,69.7915,82.1047
2013-11-27,61.2632,68.3513
2013-11-26,59.1986,58.9185
2013-11-25,61.9839,56.5197
2013-11-22,68.8603,62.1577
2013-11-21,70.5887,67.2744
2013-11-20,67.4061,77.1489
2013-11-19,54.4784,67.3427
2013-11-18,45.3900,57.7266
