time,RSI

2019-11-08,89.2039

2019-11-07,87.5003

2019-11-06,60.8223

2019-11-05,66.1972

2019-11-04,78.8868

2019-11-01,58.8886

2019-10-31,28.5615

2019-10-30,37.0180

2019-10-29,36.6009

2019-10-28,55.9793

2019-10-25,43.9982

2019-10-24,41.6898

2019-10-23,45.5264

2019-10-22,40.5812

2019-10-21,45.1883

2019-10-18,40.6069

2019-10-17,70.2174

2019-10-16,77.5021

2019-10-15,73.7701

2019-10-14,66.6371

2019-10-11,62.9291

2019-10-10,59.2615

2019-10-09,33.6556

2019-10-08,30.3762

2019-10-07,38.3217

2019-10-04,56.6545

2019-10-03,55.8089

2019-10-02,46.3126

2019-10-01,42.7213

2019-09-30,45.7205

2019-09-27,38.6990

2019-09-26,52.1349

2019-09-25,42.7902

2019-09-24,11.0143

2019-09-23,18.5904

2019-09-20,27.4411

2019-09-19,42.6300

2019-09-18,47.7319

2019-09-17,52.8745

2019-09-16,71.5749

2019-09-13,69.6257

2019-09-12,79.0922

2019-09-11,81.7793

2019-09-10,79.0501

2019-09-09,61.1788

2019-09-06,43.2720

2019-09-05,56.0938

2019-09-04,41.8622

2019-09-03,42.0000

2019-08-30,56.1199

2019-08-29,59.1166

2019-08-28,52.0630

2019-08-27,53.5532

2019-08-26,53.3825

2019-08-23,45.5773

2019-08-22,60.5501

2019-08-21,73.7389

2019-08-20,78.3058

2019-08-19,70.2042

2019-08-16,40.4978

2019-08-15,20.7429

2019-08-14,21.9853

2019-08-13,29.0219

2019-08-12,7.4878

2019-08-09,9.8602

2019-08-08,13.7187

2019-08-07,5.5366

2019-08-06,5.8471

2019-08-05,6.1101

2019-08-02,14.6354

2019-08-01,18.5890

2019-07-31,29.5589

2019-07-30,36.9062

2019-07-29,42.5465

2019-07-26,49.1575

2019-07-25,51.2250

2019-07-24,68.9484

2019-07-23,62.1461

2019-07-22,26.3286

2019-07-19,29.9537

2019-07-18,22.8457

2019-07-17,33.3953

2019-07-16,38.5692

2019-07-15,52.6151

2019-07-12,44.1273

2019-07-11,42.4322

2019-07-10,38.9764

2019-07-09,41.2399

2019-07-08,27.8278

2019-07-05,42.9871

2019-07-03,63.2303

2019-07-02,72.7714

2019-07-01,65.7606

2019-06-28,61.9598

2019-06-27,53.5901

2019-06-26,51.8567

2019-06-25,33.3414

2019-06-24,57.6509

2019-06-21,59.7796

2019-06-20,74.3076

2019-06-19,72.3757

2019-06-18,69.2289

2019-06-17,57.2089

2019-06-14,49.7111

2019-06-13,55.4991

2019-06-12,50.9824

2019-06-11,63.8260

2019-06-10,46.8731

2019-06-07,33.3816

2019-06-06,26.3194

2019-06-05,26.9402

2019-06-04,32.5704

2019-06-03,8.0735

2019-05-31,9.8071

2019-05-30,11.4147

2019-05-29,12.4264

2019-05-28,13.4292

2019-05-24,13.6740

2019-05-23,9.6409

2019-05-22,11.7976

2019-05-21,12.7640

2019-05-20,3.9056

2019-05-17,5.5581

2019-05-16,27.6131

2019-05-15,14.8356

2019-05-14,13.7187

2019-05-13,6.1068

2019-05-10,10.7627

2019-05-09,13.9466

2019-05-08,15.6142

2019-05-07,21.6019

2019-05-06,30.2177

2019-05-03,45.9213

2019-05-02,37.7731

2019-05-01,29.0011

2019-04-30,32.6368

2019-04-29,29.3109

2019-04-26,30.1572

2019-04-25,35.6830

2019-04-24,40.1362

2019-04-23,56.5912

2019-04-22,35.9535

2019-04-18,42.8065

2019-04-17,38.9111

2019-04-16,38.6689

2019-04-15,31.6939

2019-04-12,42.2459

2019-04-11,34.8228

2019-04-10,51.0389

2019-04-09,68.2898

2019-04-08,91.9632

2019-04-05,89.4686

2019-04-04,87.0523

2019-04-03,80.9572

2019-04-02,70.6708

2019-04-01,68.6729

2019-03-29,34.5344

2019-03-28,25.9239

2019-03-27,26.6048

2019-03-26,40.2931

2019-03-25,37.4625

2019-03-22,36.3306

2019-03-21,70.7541

2019-03-20,61.4863

2019-03-19,67.4732

2019-03-18,71.8720

2019-03-15,69.3665

2019-03-14,57.2772

2019-03-13,60.2630

2019-03-12,55.1278

2019-03-11,55.0095

2019-03-08,41.3717

2019-03-07,48.7676

2019-03-06,70.9117

2019-03-05,63.5979

2019-03-04,19.3329

2019-03-01,23.2056

2019-02-28,24.7299

2019-02-27,21.3309

2019-02-26,19.8439

2019-02-25,26.1225

2019-02-22,31.9297

2019-02-21,51.5229

2019-02-20,48.0610

2019-02-19,54.3165

2019-02-15,43.1829

2019-02-14,64.2545

2019-02-13,63.3286

2019-02-12,48.7458

2019-02-11,36.3179

2019-02-08,43.3895

2019-02-07,50.5838

2019-02-06,61.6297

2019-02-05,75.4490

2019-02-04,70.3275

2019-02-01,63.1590

2019-01-31,70.0556

2019-01-30,62.0322

2019-01-29,48.3309

2019-01-28,57.4122

2019-01-25,56.2321

2019-01-24,42.1175

2019-01-23,43.5473

2019-01-22,34.4187

2019-01-18,68.0836

2019-01-17,58.4520

2019-01-16,66.5607

2019-01-15,61.8639

2019-01-14,45.3223

2019-01-11,57.9654

2019-01-10,69.1962

2019-01-09,65.0621

2019-01-08,56.1397

2019-01-07,53.8096

2019-01-04,49.3718

2019-01-03,28.6243

2019-01-02,47.4022

2018-12-31,29.4885

2018-12-28,40.2020

2018-12-27,37.1847

2018-12-26,41.3113

2018-12-24,8.3011

2018-12-21,8.4948

2018-12-20,10.3968

2018-12-19,11.9389

2018-12-18,16.7476

2018-12-17,19.5041

2018-12-14,35.4256

2018-12-13,44.3195

2018-12-12,43.5995

2018-12-11,29.4997

2018-12-10,35.2052

2018-12-07,36.0600

2018-12-06,38.4232

2018-12-04,42.2299

2018-12-03,65.0282

2018-11-30,58.7629

2018-11-29,45.8991

2018-11-28,61.8127

2018-11-27,45.4299

2018-11-26,53.1834

2018-11-23,45.1298

2018-11-21,48.6038

2018-11-20,26.8539

2018-11-19,38.0122

2018-11-16,49.2847

2018-11-15,54.1431

2018-11-14,44.0119

2018-11-13,38.4242

2018-11-12,28.8073

2018-11-09,33.5964

2018-11-08,41.5942

2018-11-07,57.1489

2018-11-06,50.7728

2018-11-05,46.8304

2018-11-02,54.5803

2018-11-01,69.8787

2018-10-31,51.6232

2018-10-30,32.4078

2018-10-29,26.7732

2018-10-26,37.0965

2018-10-25,40.6587

2018-10-24,22.0771

2018-10-23,35.3900

2018-10-22,41.6014

2018-10-19,25.4699

2018-10-18,25.3153

2018-10-17,39.9770

2018-10-16,45.9775

2018-10-15,36.5179

2018-10-12,45.2076

2018-10-11,23.3082

2018-10-10,5.5491

2018-10-09,8.2382

2018-10-08,10.0975

2018-10-05,11.1526

2018-10-04,14.4243

2018-10-03,21.5672

2018-10-02,25.7017

2018-10-01,52.5813

2018-09-28,60.1611

2018-09-27,71.7290

2018-09-26,65.6835

2018-09-25,59.5382

2018-09-24,59.6792

2018-09-21,69.4048

2018-09-20,77.4561

2018-09-19,71.0702

2018-09-18,40.6003

2018-09-17,43.6076

2018-09-14,53.1833

2018-09-13,64.6333

2018-09-12,51.6320

2018-09-11,39.2201

2018-09-10,24.1248

2018-09-07,29.9293

2018-09-06,24.0197

2018-09-05,26.1396

2018-09-04,40.3662

2018-08-31,58.9450

2018-08-30,49.2551

2018-08-29,57.0854

2018-08-28,56.5740

2018-08-27,69.3028

2018-08-24,58.2523

2018-08-23,36.4692

2018-08-22,52.6787

2018-08-21,53.1857

2018-08-20,55.6719

2018-08-17,52.4858

2018-08-16,32.4215

2018-08-15,10.9704

2018-08-14,13.4058

2018-08-13,14.7018

2018-08-10,17.1724

2018-08-09,16.2377

2018-08-08,17.8576

2018-08-07,21.6886

2018-08-06,28.2096

2018-08-03,31.4441

2018-08-02,16.7023

2018-08-01,9.5358

2018-07-31,21.2062

2018-07-30,27.0559

2018-07-27,33.5251

2018-07-26,46.0931

2018-07-25,53.9708

2018-07-24,29.8955

2018-07-23,40.0633

2018-07-20,38.3427

2018-07-19,44.5894

2018-07-18,71.2186

2018-07-17,74.2597

2018-07-16,69.0850

2018-07-13,69.5032

2018-07-12,85.5485

2018-07-11,74.0917

2018-07-10,74.0917

2018-07-09,76.8439

2018-07-06,60.0082

2018-07-05,28.7029

2018-07-03,35.5206

2018-07-02,34.5723

2018-06-29,16.9252

2018-06-28,12.3267

2018-06-27,12.8978

2018-06-26,20.2980

2018-06-25,18.5662

2018-06-22,31.7250

2018-06-21,35.2112

2018-06-20,44.4949

2018-06-19,37.2445

2018-06-18,58.5000

2018-06-15,80.6613

2018-06-14,76.6138

2018-06-13,75.4864

2018-06-12,70.9737

2018-06-11,82.0235

2018-06-08,73.3016

2018-06-07,79.8072

2018-06-06,78.7022

2018-06-05,73.9478

2018-06-04,77.1487

2018-06-01,57.0271

2018-05-31,35.4669

2018-05-30,31.1083

2018-05-29,31.8863

2018-05-25,34.7866

2018-05-24,23.6053

2018-05-23,23.7069

2018-05-22,22.6903

2018-05-21,23.0056

2018-05-18,30.9770

2018-05-17,75.8176

2018-05-16,93.6734

2018-05-15,86.7797

2018-05-14,88.9495

2018-05-11,87.1766

2018-05-10,86.2531

2018-05-09,78.9755

2018-05-08,88.0594

2018-05-07,77.4790

2018-05-04,72.9515

2018-05-03,77.1241

2018-05-02,72.5467

2018-05-01,84.3781

2018-04-30,83.2226

2018-04-27,87.5616

2018-04-26,73.1844

2018-04-25,45.4476

2018-04-24,45.4476

2018-04-23,45.4889

2018-04-20,49.3714

2018-04-19,69.6793

2018-04-18,73.0149

2018-04-17,69.1788

2018-04-16,54.9741

2018-04-13,49.3781

2018-04-12,60.3783

2018-04-11,56.2185

2018-04-10,61.9108

2018-04-09,44.4813

2018-04-06,27.8729

2018-04-05,40.1118

2018-04-04,35.0745

2018-04-03,16.0332

2018-04-02,16.0684

2018-03-29,18.6315

2018-03-28,18.3318

2018-03-27,24.6828

2018-03-26,29.9404

2018-03-23,12.3688

2018-03-22,15.5871

2018-03-21,30.0442

2018-03-20,39.2601

2018-03-19,33.2013

2018-03-16,62.4112

2018-03-15,63.9170

2018-03-14,54.7452

2018-03-13,51.8300

2018-03-12,83.2260

2018-03-09,80.5024

2018-03-08,67.7608

2018-03-07,68.4295

2018-03-06,75.7559

2018-03-05,68.7679

2018-03-02,57.9305

2018-03-01,55.4819

2018-02-28,64.6551

2018-02-27,60.9012

2018-02-26,82.4857

2018-02-23,76.0136

2018-02-22,74.0807

2018-02-21,70.7884

2018-02-20,68.8473

2018-02-16,68.0377

2018-02-15,75.7579

2018-02-14,64.2917

2018-02-13,47.7724

2018-02-12,39.0983

2018-02-09,23.8438

2018-02-08,13.3768

2018-02-07,19.6301

2018-02-06,25.3233

2018-02-05,14.3945

2018-02-02,19.6216

2018-02-01,26.9665

2018-01-31,36.4409

2018-01-30,27.3311

2018-01-29,44.7060

2018-01-26,68.0728

2018-01-25,47.5013

2018-01-24,70.0885

2018-01-23,68.1540

2018-01-22,57.2362

2018-01-19,67.2919

2018-01-18,64.1588

2018-01-17,66.8194

2018-01-16,78.0001

2018-01-12,69.5682

2018-01-11,62.7783

2018-01-10,59.5246

2018-01-09,87.3133

2018-01-08,83.0246

2018-01-05,72.0401

2018-01-04,76.1339

2018-01-03,75.7983

2018-01-02,69.8643

2017-12-29,38.5002

2017-12-28,40.6927

2017-12-27,54.6435

2017-12-26,55.2558

2017-12-22,60.7968

2017-12-21,62.6082

2017-12-20,44.0632

2017-12-19,51.5885

2017-12-18,76.1388

2017-12-15,48.7802

2017-12-14,35.6226

2017-12-13,43.2207

2017-12-12,39.5138

2017-12-11,43.0880

2017-12-08,47.5482

2017-12-07,40.0817

2017-12-06,30.8055

2017-12-05,32.0875

2017-12-04,23.1788

2017-12-01,31.8235

2017-11-30,39.4628

2017-11-29,27.1460

2017-11-28,49.3425

2017-11-27,64.0000

2017-11-24,79.0858

2017-11-22,80.5413

2017-11-21,70.4061

2017-11-20,46.3275

2017-11-17,50.4928

2017-11-16,50.7428

2017-11-15,17.2439

2017-11-14,18.6540

2017-11-13,24.0929

2017-11-10,24.1620

2017-11-09,30.3230

2017-11-08,33.1721

2017-11-07,39.1964

2017-11-06,42.0224

2017-11-03,30.7567

2017-11-02,31.6621

2017-11-01,36.9454

2017-10-31,32.9526

2017-10-30,9.9218

2017-10-27,11.1207

2017-10-26,36.6150

2017-10-25,46.2814

2017-10-24,50.5135

2017-10-23,60.3012

2017-10-20,56.3983

2017-10-19,55.3124

2017-10-18,72.1443

2017-10-17,77.8973

2017-10-16,88.3328

2017-10-13,79.3614

2017-10-12,74.0973

2017-10-11,78.8522

2017-10-10,88.4369

2017-10-09,78.0122

2017-10-06,67.6349

2017-10-05,59.4575

2017-10-04,54.5190

2017-10-03,70.5407

2017-10-02,81.0418

2017-09-29,79.6173

2017-09-28,66.4112

2017-09-27,61.9150

2017-09-26,48.0950

2017-09-25,39.9281

2017-09-22,72.6213

2017-09-21,66.7021

2017-09-20,62.9763

2017-09-19,62.5927

2017-09-18,68.9306

2017-09-15,58.2234

2017-09-14,68.6127

2017-09-13,66.5399

2017-09-12,71.4206

2017-09-11,64.1785

2017-09-08,54.5914

2017-09-07,68.0743

2017-09-06,53.6886

2017-09-05,48.7173

2017-09-01,78.2542

2017-08-31,68.7869

2017-08-30,54.3388

2017-08-29,36.2911

2017-08-28,31.5411

2017-08-25,59.9377

2017-08-24,56.0053

2017-08-23,56.8463

2017-08-22,63.4092

2017-08-21,47.7764

2017-08-18,37.1905

2017-08-17,38.4444

2017-08-16,62.1405

2017-08-15,58.9167

2017-08-14,52.3437

2017-08-11,51.5881

2017-08-10,48.5881

2017-08-09,83.2743

2017-08-08,82.1535

2017-08-07,79.1411

2017-08-04,77.6801

2017-08-03,83.3158

2017-08-02,78.1851

2017-08-01,93.6253

2017-07-31,96.7756

2017-07-28,95.8238

2017-07-27,85.7677

2017-07-26,87.2719

2017-07-25,80.7141

2017-07-24,96.0961

2017-07-21,91.8461

2017-07-20,88.4155

2017-07-19,87.4871

2017-07-18,83.9800

2017-07-17,79.8490

2017-07-14,84.1910

2017-07-13,79.6906

2017-07-12,79.2262

2017-07-11,71.5944

2017-07-10,65.1424

2017-07-07,57.0799

2017-07-06,59.9054

2017-07-05,75.5567

2017-07-03,59.5654

2017-06-30,52.4017

2017-06-29,58.1156

2017-06-28,48.6295

2017-06-27,29.9384

2017-06-26,45.8382

2017-06-23,43.1350

2017-06-22,50.6566

2017-06-21,56.1897

2017-06-20,42.2532

2017-06-19,35.7714

2017-06-16,8.5464

2017-06-15,11.7459

2017-06-14,15.2267

2017-06-13,17.4120

2017-06-12,19.3660

2017-06-09,21.6192

2017-06-08,38.0153

2017-06-07,49.4194

2017-06-06,33.4474

2017-06-05,42.9581

2017-06-02,44.8550

2017-06-01,42.4725

2017-05-31,34.7820

2017-05-30,53.3876

2017-05-26,56.6589

2017-05-25,66.6532

2017-05-24,62.1315

2017-05-23,68.7410

2017-05-22,68.4888

2017-05-19,61.9490

2017-05-18,40.6659

2017-05-17,54.6508

2017-05-16,83.9282

2017-05-15,72.2818

2017-05-12,79.3338

2017-05-11,78.7817

2017-05-10,70.4680

2017-05-09,68.5484

2017-05-08,38.8514

2017-05-05,42.0821

2017-05-04,31.3113

2017-05-03,33.9516

2017-05-02,38.6355

2017-05-01,44.2250

2017-04-28,44.8464

2017-04-27,90.5073

2017-04-26,89.1259

2017-04-25,92.0062

2017-04-24,81.7357

2017-04-21,74.3488

2017-04-20,81.9648

2017-04-19,79.4714

2017-04-18,63.0067

2017-04-17,52.3992

2017-04-13,44.7514

2017-04-12,54.8168

2017-04-11,49.3484

2017-04-10,61.3219

2017-04-07,45.8636

2017-04-06,55.1807

2017-04-05,51.3082

2017-04-04,78.0478

2017-04-03,77.2145

2017-03-31,63.4514

2017-03-30,62.2753

2017-03-29,48.0720

2017-03-28,38.6090

2017-03-27,28.2722

2017-03-24,19.8625

2017-03-23,24.4911

2017-03-22,23.9661

2017-03-21,30.1342

2017-03-20,64.0175

2017-03-17,70.5961

2017-03-16,70.3473

2017-03-15,23.3466

2017-03-14,30.0833

2017-03-13,34.1199

2017-03-10,23.9675

2017-03-09,27.8758

2017-03-08,31.8110

2017-03-07,29.9409

2017-03-06,24.3209

2017-03-03,26.1928

2017-03-02,28.6795

2017-03-01,31.6398

2017-02-28,22.6189

2017-02-27,13.8247

2017-02-24,16.7052

2017-02-23,59.1361

2017-02-22,83.7577

2017-02-21,82.0563

2017-02-17,80.1355

2017-02-16,79.2262

2017-02-15,73.4851

2017-02-14,69.4641

2017-02-13,90.2901

2017-02-10,89.7808

2017-02-09,84.8264

2017-02-08,84.8264

2017-02-07,74.0640

2017-02-06,72.3690

2017-02-03,55.1882

2017-02-02,32.7646

2017-02-01,36.2036

2017-01-31,48.2653

2017-01-30,44.0931

2017-01-27,36.8790

2017-01-26,42.9587

2017-01-25,57.8617

2017-01-24,53.5090

2017-01-23,52.9536

2017-01-20,32.5750

2017-01-19,51.1352

2017-01-18,55.4252

2017-01-17,59.1292

2017-01-13,56.4695

2017-01-12,64.0405

2017-01-11,77.3627

2017-01-10,85.4032

2017-01-09,80.1524

2017-01-06,78.6296

2017-01-05,86.0069

2017-01-04,77.4513

2017-01-03,66.5992

2016-12-30,43.4637

2016-12-29,61.8895

2016-12-28,54.8571

2016-12-27,48.7941

2016-12-23,39.0065

2016-12-22,32.4496

2016-12-21,36.9309

2016-12-20,43.2386

2016-12-19,32.4475

2016-12-16,36.8140

2016-12-15,39.7473

2016-12-14,57.0849

2016-12-13,66.4121

2016-12-12,55.8651

2016-12-09,69.5929

2016-12-08,59.0249

2016-12-07,68.8815

2016-12-06,51.9969

2016-12-05,47.3250

2016-12-02,30.4400

2016-12-01,35.2497

2016-11-30,53.9760

2016-11-29,71.4815

2016-11-28,61.7900

2016-11-25,43.8700

2016-11-23,36.3092

2016-11-22,40.8774

2016-11-21,47.8760

2016-11-18,38.8881

2016-11-17,48.1708

2016-11-16,50.9910

2016-11-15,38.4890

2016-11-14,19.0161

2016-11-11,21.4632

2016-11-10,22.4483

2016-11-09,35.4321

2016-11-08,44.3728

2016-11-07,47.0632

2016-11-04,25.1727

2016-11-03,27.2008

2016-11-02,27.6307

2016-11-01,38.5674

2016-10-31,49.8650

2016-10-28,61.5497

2016-10-27,44.4107

2016-10-26,32.1191

2016-10-25,45.8501

2016-10-24,72.8190

2016-10-21,49.5196

2016-10-20,31.2315

2016-10-19,38.4505

2016-10-18,31.7071

2016-10-17,25.7944

2016-10-14,27.1483

2016-10-13,18.6038

2016-10-12,20.2966

2016-10-11,23.8312

2016-10-10,38.4588

2016-10-07,24.3515

2016-10-06,29.9394

2016-10-05,41.3776

2016-10-04,41.1693

2016-10-03,37.9973

2016-09-30,29.7482

2016-09-29,30.0969

2016-09-28,44.4497

2016-09-27,56.5482

2016-09-26,49.5437

2016-09-23,60.9561

2016-09-22,80.2408

2016-09-21,83.5280

2016-09-20,63.7293

2016-09-19,56.7045

2016-09-16,58.1982

2016-09-15,65.8568

2016-09-14,50.8567

2016-09-13,49.7111

2016-09-12,58.3823

2016-09-09,52.3264

2016-09-08,75.7986

2016-09-07,85.1337

2016-09-06,85.0534

2016-09-02,67.3831

2016-09-01,63.6325

2016-08-31,38.3762

2016-08-30,69.0292

2016-08-29,57.9998

2016-08-26,56.7681

2016-08-25,52.9676

2016-08-24,44.3884

2016-08-23,56.5169

2016-08-22,58.8317

2016-08-19,88.4611

2016-08-18,84.9518

2016-08-17,78.3485

2016-08-16,84.6959

2016-08-15,84.0616

2016-08-12,69.8806

2016-08-11,68.7156

2016-08-10,58.3584

2016-08-09,57.8780

2016-08-08,63.8351

2016-08-05,69.7003

2016-08-04,51.0538

2016-08-03,49.4000

2016-08-02,42.1141

2016-08-01,52.1039

2016-07-29,33.6837

2016-07-28,68.8950

2016-07-27,68.3239

2016-07-26,62.0149

2016-07-25,35.6490

2016-07-22,39.2847

2016-07-21,42.1214

2016-07-20,36.8609

2016-07-19,38.8972

2016-07-18,55.1445

2016-07-15,44.6034

2016-07-14,55.3052

2016-07-13,52.3119

2016-07-12,55.8692

2016-07-11,64.6639

2016-07-08,36.4297

2016-07-07,53.5769

2016-07-06,42.4404

2016-07-05,43.8428

2016-07-01,61.1560

2016-06-30,61.0076

2016-06-29,58.6705

2016-06-28,44.2109

2016-06-27,26.1850

2016-06-24,31.2822

2016-06-23,47.3809

2016-06-22,38.3987

2016-06-21,40.2752

2016-06-20,53.8021

2016-06-17,36.0729

2016-06-16,46.6343

2016-06-15,15.2521

2016-06-14,13.5307

2016-06-13,17.6128

2016-06-10,18.8375

2016-06-09,29.3838

2016-06-08,27.4521

2016-06-07,32.9966

2016-06-06,45.9928

2016-06-03,41.6930

2016-06-02,48.3408

2016-06-01,51.4127

2016-05-31,58.0811

2016-05-27,87.2098

2016-05-26,76.5247

2016-05-25,74.2761

2016-05-24,72.5215

2016-05-23,52.7198

2016-05-20,54.1432

2016-05-19,47.9610

2016-05-18,51.3408

2016-05-17,56.7528

2016-05-16,48.3087

2016-05-13,11.4315

2016-05-12,12.7920

2016-05-11,14.3755

2016-05-10,17.4629

2016-05-09,21.2532

2016-05-06,27.8029

2016-05-05,29.9250

2016-05-04,33.1862

2016-05-03,23.7649

2016-05-02,28.8331

2016-04-29,68.1762

2016-04-28,22.8893

2016-04-27,31.1572

2016-04-26,32.6226

2016-04-25,30.8000

2016-04-22,42.7947

2016-04-21,55.3467

2016-04-20,62.2021

2016-04-19,68.3966

2016-04-18,62.9029

2016-04-15,64.4923

2016-04-14,78.6955

2016-04-13,75.7179

2016-04-12,57.9296

2016-04-11,46.9127

2016-04-08,41.1446

2016-04-07,33.4494

2016-04-06,48.4399

2016-04-05,31.0336

2016-04-04,57.7205

2016-04-01,70.4742

2016-03-31,75.8999

2016-03-30,72.8950

2016-03-29,72.7577

2016-03-28,56.1783

2016-03-24,54.7147

2016-03-23,50.3498

2016-03-22,76.8379

2016-03-21,73.7350

2016-03-18,79.0285

2016-03-17,69.0858

2016-03-16,68.0302

2016-03-15,60.1265

2016-03-14,68.7786

2016-03-11,73.2775

2016-03-10,57.1673

2016-03-09,58.8963

2016-03-08,47.7996

2016-03-07,64.3286

2016-03-04,70.3100

2016-03-03,68.1138

2016-03-02,67.5610

2016-03-01,77.2660

2016-02-29,70.1260

2016-02-26,71.1276

2016-02-25,45.6793

2016-02-24,57.4597

2016-02-23,53.8212

2016-02-22,77.1710

2016-02-19,71.7969

2016-02-18,66.0595

2016-02-17,75.2530

2016-02-16,67.5899

2016-02-12,59.6167

2016-02-11,23.3242

2016-02-10,27.7799

2016-02-09,11.4577

2016-02-08,15.3770

2016-02-05,15.6614

2016-02-04,24.8558

2016-02-03,25.6707

2016-02-02,28.3069

2016-02-01,40.2384

2016-01-29,45.5452

2016-01-28,21.3342

2016-01-27,23.0574

2016-01-26,40.3114

2016-01-25,41.6121

2016-01-22,52.2565

2016-01-21,47.4906

2016-01-20,32.0985

2016-01-19,33.9081

2016-01-15,27.2516

2016-01-14,39.9189

2016-01-13,16.9007

2016-01-12,25.6135

2016-01-11,12.2301

2016-01-08,12.9415

2016-01-07,15.1424

2016-01-06,30.5727

2016-01-05,35.0463

2016-01-04,16.4959

2015-12-31,25.0969

2015-12-30,33.7900

2015-12-29,43.8080

2015-12-28,31.8998

2015-12-24,35.5193

2015-12-23,44.8961

2015-12-22,46.7967

2015-12-21,48.1334

2015-12-18,25.0856

2015-12-17,37.0701

2015-12-16,45.3580

2015-12-15,44.4892

2015-12-14,18.6805

2015-12-11,17.4500

2015-12-10,27.4756

2015-12-09,28.4037

2015-12-08,39.1145

2015-12-07,50.9883

2015-12-04,50.1631

2015-12-03,47.7589

2015-12-02,58.4284

2015-12-01,66.9032

2015-11-30,79.9201

2015-11-27,59.8714

2015-11-25,46.9417

2015-11-24,61.8237

2015-11-23,72.9946

2015-11-20,71.5056

2015-11-19,76.3611

2015-11-18,72.1815

2015-11-17,56.2609

2015-11-16,63.1814

2015-11-13,51.0158

2015-11-12,66.4437

2015-11-11,72.0609

2015-11-10,68.0607

2015-11-09,63.0104

2015-11-06,85.9624

2015-11-05,84.9963

2015-11-04,84.3838

2015-11-03,80.9842

2015-11-02,88.6465

2015-10-30,85.4958

2015-10-29,69.0458

2015-10-28,83.6205

2015-10-27,89.2230

2015-10-26,84.3945

2015-10-23,73.7100

2015-10-22,64.4770

2015-10-21,51.6565

2015-10-20,70.4815

2015-10-19,80.0663

2015-10-16,72.6054

2015-10-15,70.7996

2015-10-14,54.2179

2015-10-13,62.2337

2015-10-12,53.1322

2015-10-09,53.7721

2015-10-08,42.9186

2015-10-07,55.2168

2015-10-06,82.2304

2015-10-05,81.9780

2015-10-02,80.6199

2015-10-01,51.9892

2015-09-30,51.3610

2015-09-29,48.0529

2015-09-28,28.8570

2015-09-25,32.2255

2015-09-24,22.3059

2015-09-23,21.1452

2015-09-22,26.5551

2015-09-21,35.7701

2015-09-18,39.8220

2015-09-17,52.0685

2015-09-16,63.5192

2015-09-15,30.0327

2015-09-14,29.2784

2015-09-11,35.8416

2015-09-10,43.5358

2015-09-09,55.2589

2015-09-08,48.9410

2015-09-04,41.4728

2015-09-03,49.6871

2015-09-02,47.1589

2015-09-01,34.1161

2015-08-31,40.5498

2015-08-28,50.6912

2015-08-27,50.5493

2015-08-26,27.5175

2015-08-25,8.4040

2015-08-24,9.9987

2015-08-21,17.8251

2015-08-20,23.3823

2015-08-19,33.6416

2015-08-18,42.3631

2015-08-17,46.2995

2015-08-14,34.5398

2015-08-13,19.7815

2015-08-12,19.4781

2015-08-11,28.1406

2015-08-10,50.7253

2015-08-07,47.8306

2015-08-06,42.1064

2015-08-05,36.1562

2015-08-04,27.8044

2015-08-03,23.9222

2015-07-31,27.4440

2015-07-30,29.2132

2015-07-29,18.9082

2015-07-28,14.4870

2015-07-27,41.7682

2015-07-24,73.9840

2015-07-23,82.1461

2015-07-22,79.6913

2015-07-21,74.7911

2015-07-20,69.9450

2015-07-17,67.8730

2015-07-16,47.0613

2015-07-15,32.2403

2015-07-14,45.9953

2015-07-13,53.7651

2015-07-10,26.0406

2015-07-09,24.8653

2015-07-08,4.7505

2015-07-07,6.0288

2015-07-06,6.7614

2015-07-02,14.1448

2015-07-01,17.3227

2015-06-30,18.0367

2015-06-29,20.6499

2015-06-26,26.9384

2015-06-25,41.8895

2015-06-24,59.2944

2015-06-23,74.0437

2015-06-22,63.9237

2015-06-19,76.4593

2015-06-18,75.9375

2015-06-17,72.5278

2015-06-16,51.8344

2015-06-15,57.4366

2015-06-12,73.7778

2015-06-11,70.8311

2015-06-10,62.0299

2015-06-09,50.4638

2015-06-08,54.2305

2015-06-05,75.0400

2015-06-04,69.7332

2015-06-03,68.1949

2015-06-02,66.6085

2015-06-01,61.2568

2015-05-29,44.9420

2015-05-28,58.5499

2015-05-27,65.0261

2015-05-26,61.3767

2015-05-22,80.6704

2015-05-21,74.0313

2015-05-20,60.2983

2015-05-19,49.2937

2015-05-18,38.8871

2015-05-15,45.7362

2015-05-14,29.5250

2015-05-13,22.0299

2015-05-12,23.4776

2015-05-11,24.9116

2015-05-08,29.4050

2015-05-07,29.5468

2015-05-06,16.7697

2015-05-05,20.7051

2015-05-04,32.2844

2015-05-01,27.8534

2015-04-30,20.4376

2015-04-29,68.7892

2015-04-28,70.1364

2015-04-27,78.3413

2015-04-24,70.6387

2015-04-23,53.4520

2015-04-22,60.0909

2015-04-21,58.0849

2015-04-20,54.6646

2015-04-17,38.3666

2015-04-16,33.7334

2015-04-15,44.3823

2015-04-14,55.8201

2015-04-13,61.8733

2015-04-10,60.4693

2015-04-09,73.5603

2015-04-08,64.0355

2015-04-07,33.5197

2015-04-06,32.1600

2015-04-02,46.1511

2015-04-01,56.3823

2015-03-31,46.4832

2015-03-30,54.3995

2015-03-27,42.6866

2015-03-26,34.7981

2015-03-25,40.1824

2015-03-24,58.6935

2015-03-23,73.3661

2015-03-20,64.1430

2015-03-19,73.5030

2015-03-18,65.8198

2015-03-17,32.6553

2015-03-16,41.1040

2015-03-13,35.4945

2015-03-12,28.8003

2015-03-11,31.2336

2015-03-10,52.9675

2015-03-09,59.7467

2015-03-06,69.6086

2015-03-05,74.9828

2015-03-04,55.4007

2015-03-03,48.7799

2015-03-02,42.1660

2015-02-27,35.5604

2015-02-26,41.8787

2015-02-25,31.0686

2015-02-24,43.5637

2015-02-23,36.1746

2015-02-20,45.5386

2015-02-19,35.5741

2015-02-18,35.2170

2015-02-17,38.3537

2015-02-13,44.7276

2015-02-12,22.7257

2015-02-11,40.0252

2015-02-10,57.2624

2015-02-09,37.2867

2015-02-06,13.4311

2015-02-05,25.3440

2015-02-04,27.0247

2015-02-03,26.3139

2015-02-02,27.4782

2015-01-30,28.2246

2015-01-29,33.8080

2015-01-28,33.4670

2015-01-27,53.2903

2015-01-26,60.9966

2015-01-23,79.4826

2015-01-22,73.8356

2015-01-21,70.8552

2015-01-20,46.9046

2015-01-16,46.1673

2015-01-15,24.7660

2015-01-14,26.4590

2015-01-13,32.2222

2015-01-12,35.0568

2015-01-09,52.1588

2015-01-08,61.3635

2015-01-07,45.0384

2015-01-06,22.5854

2015-01-05,20.1123

2015-01-02,25.5619

2014-12-31,37.6850

2014-12-30,44.7714

2014-12-29,45.4417

2014-12-26,63.0810

2014-12-24,50.1540

2014-12-23,59.4648

2014-12-22,65.9330

2014-12-19,65.1539

2014-12-18,60.5721

2014-12-17,38.4490

2014-12-16,21.3452

2014-12-15,32.0650

2014-12-12,42.2497

2014-12-11,41.8709

2014-12-10,23.5555

2014-12-09,33.3249

2014-12-08,21.1141

2014-12-05,31.5978

2014-12-04,19.5046

2014-12-03,20.2234

2014-12-02,25.6614

2014-12-01,29.0484

2014-11-28,55.8580

2014-11-26,60.7097

2014-11-25,54.9608

2014-11-24,53.5783

2014-11-21,58.1983

2014-11-20,36.3815

2014-11-19,41.4679

2014-11-18,47.5755

2014-11-17,51.2004

2014-11-14,67.5145

2014-11-13,56.2390

2014-11-12,78.5037

2014-11-11,80.8269

2014-11-10,78.0714

2014-11-07,59.4003

2014-11-06,60.7497

2014-11-05,63.3063

2014-11-04,77.1349

2014-11-03,70.5977

2014-10-31,77.9315

2014-10-30,76.3824

2014-10-29,60.7972

2014-10-28,74.7674

2014-10-27,59.5098

2014-10-24,69.2566

2014-10-23,57.5947

2014-10-22,65.6421

2014-10-21,77.6725

2014-10-20,69.3352

2014-10-17,58.8428

2014-10-16,57.6333

2014-10-15,43.2782

2014-10-14,15.4881

2014-10-13,16.0648

2014-10-10,19.5727

2014-10-09,36.2001

2014-10-08,53.2148

2014-10-07,44.4230

2014-10-06,50.6865

2014-10-03,47.8780

2014-10-02,42.0713

2014-10-01,31.8791

2014-09-30,46.5422

2014-09-29,53.6783

2014-09-26,49.6831

2014-09-25,45.8986

2014-09-24,56.0368

2014-09-23,38.3365

2014-09-22,38.4572

2014-09-19,60.3279

2014-09-18,71.7364

2014-09-17,52.6800

2014-09-16,40.6976

2014-09-15,17.7115

2014-09-12,32.9951

2014-09-11,41.0741

2014-09-10,43.8244

2014-09-09,45.8722

2014-09-08,64.3817

2014-09-05,71.1107

2014-09-04,65.2532

2014-09-03,82.6897

2014-09-02,79.0355

2014-08-29,39.2101

2014-08-28,32.0813

2014-08-27,41.0259

2014-08-26,44.7789

2014-08-25,48.9380

2014-08-22,30.1139

2014-08-21,42.9856

2014-08-20,59.8101

2014-08-19,54.5187

2014-08-18,62.9500

2014-08-15,61.1291

2014-08-14,65.9853

2014-08-13,62.7771

2014-08-12,54.3162

2014-08-11,62.8801

2014-08-08,53.5832

2014-08-07,47.8732

2014-08-06,53.2829

2014-08-05,54.5846

2014-08-04,64.3199

2014-08-01,50.4880

2014-07-31,61.1655

2014-07-30,71.2876

2014-07-29,74.0570

2014-07-28,93.4109

2014-07-25,95.8290

2014-07-24,87.8165

2014-07-23,82.9149

2014-07-22,80.3378

2014-07-21,79.2878

2014-07-18,65.8141

2014-07-17,48.3232

2014-07-16,63.6810

2014-07-15,66.7224

2014-07-14,62.4141

2014-07-11,53.8450

2014-07-10,41.6111

2014-07-09,47.4778

2014-07-08,35.6496

2014-07-07,58.3452

2014-07-03,81.7073

2014-07-02,79.1149

2014-07-01,89.9738

2014-06-30,84.0388

2014-06-27,80.1481

2014-06-26,77.1353

2014-06-25,83.1958

2014-06-24,76.8521

2014-06-23,65.0810

2014-06-20,47.1865

2014-06-19,46.3912

2014-06-18,61.9193

2014-06-17,75.5184

2014-06-16,71.1001

2014-06-13,81.3561

2014-06-12,76.5732

2014-06-11,80.8200

2014-06-10,80.2070

2014-06-09,71.1275

2014-06-06,75.7071

2014-06-05,59.0635

2014-06-04,43.0287

2014-06-03,44.3593

2014-06-02,63.7586

2014-05-30,57.8213

2014-05-29,68.3317

2014-05-28,64.2392

2014-05-27,85.0692

2014-05-23,82.6553

2014-05-22,74.7242

2014-05-21,77.7776

2014-05-20,62.1855

2014-05-19,58.9919

2014-05-16,45.1251

2014-05-15,47.9156

2014-05-14,50.4517

2014-05-13,50.7587

2014-05-12,63.7627

2014-05-09,41.3465

2014-05-08,29.0016

2014-05-07,30.8748

2014-05-06,49.8669

2014-05-05,58.1558

2014-05-02,58.8978

2014-05-01,55.8430

2014-04-30,42.2120

2014-04-29,45.2109

2014-04-28,32.8158

2014-04-25,67.4938

2014-04-24,58.1269

2014-04-23,56.8724

2014-04-22,72.9047

2014-04-21,67.0291

2014-04-17,55.5755

2014-04-16,61.2204

2014-04-15,56.9111

2014-04-14,52.8245

2014-04-11,42.6348

2014-04-10,45.0179

2014-04-09,59.5426

2014-04-08,45.4385

2014-04-07,21.0184

2014-04-04,29.2198

2014-04-03,51.5303

2014-04-02,66.7268

2014-04-01,62.9979

2014-03-31,28.8081

2014-03-28,13.9957

2014-03-27,14.5056

2014-03-26,16.0461

2014-03-25,22.8621

2014-03-24,25.8329

2014-03-21,27.8579

2014-03-20,23.5809

2014-03-19,28.6574

2014-03-18,35.5995

2014-03-17,25.6203

2014-03-14,21.3258

2014-03-13,27.9654

2014-03-12,44.1348

2014-03-11,41.8749

2014-03-10,58.8462

2014-03-07,67.8489

2014-03-06,77.8362

2014-03-05,59.2509

2014-03-04,52.4389

2014-03-03,42.9667

2014-02-28,46.2213

2014-02-27,78.3836

2014-02-26,62.7679

2014-02-25,49.4129

2014-02-24,65.7392

2014-02-21,66.7022

2014-02-20,75.0970

2014-02-19,74.4539

2014-02-18,75.4596

2014-02-14,62.7660

2014-02-13,75.4292

2014-02-12,69.7213

2014-02-11,68.2201

2014-02-10,64.4126

2014-02-07,58.3805

2014-02-06,43.2674

2014-02-05,33.9767

2014-02-04,40.7007

2014-02-03,23.4290

2014-01-31,31.7856

2014-01-30,40.0150

2014-01-29,31.0333

2014-01-28,42.5929

2014-01-27,21.3771

2014-01-24,24.9453

2014-01-23,28.0192

2014-01-22,54.2986

2014-01-21,48.0880

2014-01-17,38.1355

2014-01-16,46.0212

2014-01-15,36.8963

2014-01-14,42.3222

2014-01-13,36.4203

2014-01-10,58.6565

2014-01-09,46.0619

2014-01-08,73.0090

2014-01-07,65.3209

2014-01-06,58.3172

2014-01-03,53.7066

2014-01-02,77.6928

2013-12-31,73.4419

2013-12-30,63.0594

2013-12-27,62.3943

2013-12-26,34.6056

2013-12-24,39.2456

2013-12-23,56.6798

2013-12-20,63.0624

2013-12-19,50.5909

2013-12-18,56.2147

2013-12-17,41.1908

2013-12-16,43.7767

2013-12-13,52.4083

2013-12-12,53.3902

2013-12-11,59.3428

2013-12-10,90.3150

2013-12-09,80.5823

2013-12-06,71.4766

2013-12-05,66.0916

2013-12-04,73.4915

2013-12-03,69.8621

2013-12-02,81.7807

2013-11-29,77.8577

2013-11-27,68.5899

2013-11-26,68.8475

2013-11-25,40.2717

2013-11-22,48.2144

2013-11-21,49.9448

2013-11-20,51.6253

2013-11-19,77.0143

2013-11-18,76.4838

2013-11-15,75.5069

2013-11-14,69.1702

2013-11-13,50.8743

2013-11-12,38.4825

2013-11-11,42.4092

2013-11-08,40.2844

2013-11-07,23.7883

2013-11-06,28.3838

2013-11-05,35.0501

2013-11-04,40.8763

2013-11-01,51.7438

2013-10-31,53.8384

2013-10-30,65.7531

2013-10-29,55.1440

2013-10-28,41.1857

2013-10-25,54.6658

2013-10-24,60.6683

2013-10-23,45.5112

2013-10-22,54.9714

2013-10-21,62.8554

2013-10-18,78.9904

2013-10-17,55.5051

2013-10-16,39.1545

2013-10-15,43.7618

2013-10-14,48.9353

2013-10-11,55.9689

2013-10-10,50.9058

2013-10-09,24.4709

2013-10-08,28.5810

2013-10-07,61.3881

2013-10-04,72.4366

2013-10-03,65.9986

2013-10-02,91.4539

2013-10-01,90.0598

2013-09-30,84.7695

2013-09-27,81.7623

2013-09-26,86.2351

2013-09-25,78.5570

2013-09-24,76.9881

2013-09-23,74.6402

2013-09-20,64.6599

2013-09-19,76.2198

2013-09-18,70.3757

2013-09-17,63.5938

2013-09-16,58.7501

2013-09-13,59.0085

2013-09-12,67.8983

2013-09-11,83.0132

2013-09-10,70.4444

2013-09-09,54.2039

2013-09-06,49.1431

2013-09-05,31.2413

2013-09-04,37.0867

2013-09-03,44.5563

2013-08-30,40.9305

2013-08-29,62.5643

2013-08-28,59.3986

2013-08-27,38.9808

2013-08-26,65.6772

2013-08-23,63.7406

2013-08-22,71.3709

2013-08-21,53.9911

2013-08-20,46.4446

2013-08-19,46.7424

2013-08-16,44.6415

2013-08-15,45.7337

2013-08-14,61.0558

2013-08-13,78.8292

2013-08-12,66.3880

2013-08-09,77.4653

2013-08-08,70.9604

2013-08-07,69.7930

2013-08-06,67.8514

2013-08-05,66.3455

2013-08-02,98.2735

2013-08-01,97.4756

2013-07-31,96.8322

2013-07-30,96.6716

2013-07-29,96.0640

2013-07-26,95.5798

2013-07-25,95.1154

2013-07-24,87.3644

2013-07-23,80.2856

2013-07-22,82.0567

2013-07-19,92.3103

2013-07-18,93.3569

2013-07-17,91.6772

2013-07-16,89.3956

2013-07-15,84.4824

2013-07-12,72.8472

2013-07-11,75.0311

2013-07-10,59.6884

2013-07-09,55.2262

2013-07-08,39.3245

2013-07-05,45.3220

2013-07-03,24.5693

2013-07-02,28.6990

2013-07-01,39.3227

2013-06-28,54.9387

2013-06-27,51.9464

2013-06-26,48.8463

2013-06-25,28.0746

2013-06-24,15.5585

2013-06-21,26.3073

2013-06-20,24.1407

2013-06-19,29.1057

2013-06-18,37.2259

2013-06-17,39.5460

2013-06-14,45.6864

2013-06-13,54.7989

2013-06-12,43.0237

2013-06-11,52.8619

2013-06-10,79.9961

2013-06-07,79.2294

2013-06-06,67.4349

2013-06-05,38.1468

2013-06-04,47.8450

2013-06-03,50.5300

2013-05-31,52.9052

2013-05-30,61.9882

2013-05-29,55.3702

2013-05-28,60.4044

2013-05-24,56.8347

2013-05-23,44.4852

2013-05-22,50.0822

2013-05-21,72.9249

2013-05-20,84.4966

2013-05-17,68.8881

2013-05-16,56.5863

2013-05-15,65.3429

2013-05-14,61.3975

2013-05-13,63.8547

2013-05-10,84.7476

2013-05-09,82.3472

2013-05-08,79.4594

2013-05-07,68.2738

2013-05-06,60.3858

2013-05-03,36.2586

2013-05-02,39.2424

2013-05-01,38.0777

2013-04-30,42.7094

2013-04-29,40.6078

2013-04-26,38.2415

2013-04-25,75.9366

2013-04-24,55.6153

2013-04-23,53.8549

2013-04-22,35.0481

2013-04-19,39.5861

2013-04-18,39.8003

2013-04-17,51.7931

2013-04-16,63.8824

2013-04-15,55.3454

2013-04-12,71.4478

2013-04-11,63.8038

2013-04-10,75.1380

2013-04-09,42.9626

2013-04-08,32.1565

2013-04-05,25.3696

2013-04-04,34.3652

2013-04-03,40.2056

2013-04-02,63.2755

2013-04-01,52.4407

2013-03-28,61.2181

2013-03-27,67.1678

2013-03-26,47.6790

2013-03-25,36.9183

2013-03-22,49.7496

2013-03-21,41.7976

2013-03-20,43.5382

2013-03-19,13.8968

2013-03-18,17.5907

2013-03-15,15.8592

2013-03-14,20.6893

2013-03-13,27.8566

2013-03-12,28.4540

2013-03-11,39.9764

2013-03-08,37.4432

2013-03-07,46.3941

2013-03-06,41.8534

2013-03-05,52.2609

2013-03-04,43.6145

2013-03-01,62.3269

2013-02-28,48.4907

2013-02-27,33.0912

2013-02-26,35.3711

2013-02-25,13.8872

2013-02-22,16.9541

2013-02-21,11.4731

2013-02-20,7.6682

2013-02-19,12.7973

2013-02-15,18.4666

2013-02-14,21.5335

2013-02-13,24.2708

2013-02-12,20.0379

2013-02-11,22.2358

2013-02-08,23.4354

2013-02-07,19.2384

2013-02-06,22.7967

2013-02-05,10.1328

2013-02-04,35.0121

2013-02-01,47.0426

2013-01-31,43.6362

2013-01-30,49.1885

2013-01-29,52.9112

2013-01-28,70.5397

2013-01-25,44.9977

2013-01-24,43.9628

2013-01-23,46.9465

2013-01-22,51.4291

2013-01-18,58.2077

2013-01-17,50.2551

2013-01-16,59.9665

2013-01-15,72.9785

2013-01-14,80.9374

2013-01-11,83.3872

2013-01-10,79.8273

2013-01-09,63.7361

2013-01-08,45.6180

2013-01-07,53.5004

2013-01-04,73.4978

2013-01-03,76.7486

2013-01-02,74.4179

2012-12-31,60.2065

2012-12-28,53.2014

2012-12-27,55.8218

2012-12-26,68.4636

2012-12-24,45.5950

2012-12-21,59.9534

2012-12-20,70.4347

2012-12-19,77.4781

2012-12-18,71.1528

2012-12-17,61.3654

2012-12-14,70.9332

2012-12-13,61.9826

2012-12-12,68.5903

2012-12-11,60.6373

2012-12-10,48.2609

2012-12-07,30.4753

2012-12-06,27.6620

2012-12-05,20.7885

2012-12-04,25.3017

2012-12-03,47.0699

2012-11-30,49.5204

2012-11-29,68.3290

2012-11-28,50.4885

2012-11-27,39.4550

2012-11-26,45.2739

2012-11-23,50.1753

2012-11-21,25.0542

2012-11-20,28.1393

2012-11-19,10.3720

2012-11-16,10.7099

2012-11-15,12.1040

2012-11-14,9.9744

2012-11-13,15.9275

2012-11-12,36.9638

2012-11-09,25.5566

2012-11-08,25.1956

2012-11-07,28.2531

2012-11-06,34.1254

2012-11-05,12.3303

2012-11-02,14.6681

2012-11-01,18.0873

2012-10-31,18.1504

2012-10-26,53.6274

2012-10-25,55.7102

2012-10-24,55.5477

2012-10-23,65.1019

2012-10-22,57.6414

2012-10-19,48.4874

2012-10-18,54.1149

2012-10-17,67.1252

2012-10-16,60.5890

2012-10-15,63.4631

2012-10-12,51.8842

2012-10-11,38.8949

2012-10-10,32.8404

2012-10-09,21.6314

2012-10-08,59.1711

2012-10-05,58.5066

2012-10-04,51.4881

2012-10-03,42.7313

2012-10-02,44.2584

2012-10-01,46.3697

2012-09-28,73.0990

2012-09-27,63.8000

2012-09-26,49.0287

2012-09-25,51.2914

2012-09-24,55.4826

2012-09-21,44.1440

2012-09-20,44.8431

2012-09-19,58.2062

2012-09-18,49.1130

2012-09-17,55.0016

2012-09-14,66.0964

2012-09-13,43.0686

2012-09-12,23.3618

2012-09-11,32.2186

2012-09-10,26.9396

2012-09-07,28.0959

2012-09-06,37.5966

2012-09-05,32.9929

2012-09-04,40.7116

2012-08-31,23.6394

2012-08-30,24.6957

2012-08-29,26.5058

2012-08-28,44.5460

2012-08-27,24.1071

2012-08-24,16.2764

2012-08-23,12.4165

2012-08-22,22.6316

2012-08-21,23.8534

2012-08-20,51.9178

2012-08-17,84.3870

2012-08-16,83.5279

2012-08-15,67.7225

2012-08-14,73.4219

2012-08-13,78.2512

2012-08-10,81.7717

2012-08-09,81.4754

2012-08-08,84.4973

2012-08-07,83.0494

2012-08-06,80.9856

2012-08-03,73.2423

2012-08-02,65.5502

2012-08-01,72.7551

2012-07-31,66.0431

2012-07-30,69.9456

2012-07-27,82.0914

2012-07-26,74.6759

2012-07-25,65.0931

2012-07-24,67.7227

2012-07-23,39.1205

2012-07-20,54.5357

2012-07-19,57.4580

2012-07-18,41.0282

2012-07-17,23.1333

2012-07-16,30.1469

2012-07-13,39.7520

2012-07-12,28.1012

2012-07-11,30.3199

2012-07-10,31.3808

2012-07-09,43.8935

2012-07-06,56.6989

2012-07-05,63.7590

2012-07-03,55.2136

2012-07-02,47.0743

2012-06-29,56.3097

2012-06-28,22.5496

2012-06-27,30.8986

2012-06-26,24.3717

2012-06-25,25.3902

2012-06-22,35.2212

2012-06-21,25.3689

2012-06-20,38.5520

2012-06-19,66.4223

2012-06-18,64.7796

2012-06-15,54.6989

2012-06-14,43.3589

2012-06-13,36.6512

2012-06-12,41.9174

2012-06-11,57.3791

2012-06-08,60.5661

2012-06-07,67.3103

2012-06-06,55.9007

2012-06-05,47.8840

2012-06-04,40.3393

2012-06-01,28.2360

2012-05-31,40.7960

2012-05-30,42.1185

2012-05-29,54.5635

2012-05-25,37.2716

2012-05-24,39.2745

2012-05-23,52.9721

2012-05-22,40.9019

2012-05-21,49.1457

2012-05-18,11.2722

2012-05-17,13.9089

2012-05-16,25.1978

2012-05-15,32.1032

2012-05-14,5.9872

2012-05-11,6.3717

2012-05-10,7.8050

2012-05-09,7.8445

2012-05-08,12.3590

2012-05-07,13.5006

2012-05-04,17.4911

2012-05-03,27.2002

2012-05-02,31.7120

2012-05-01,25.5226

2012-04-30,18.0466

2012-04-27,21.9850

2012-04-26,11.0014

2012-04-25,12.9038

2012-04-24,14.1300

2012-04-23,19.8534

2012-04-20,35.7197

2012-04-19,34.3608

2012-04-18,50.2611

2012-04-17,47.6401

2012-04-16,48.4475

2012-04-13,68.8867

2012-04-12,68.7164

2012-04-11,49.8199

2012-04-10,40.0513

2012-04-09,65.8770

2012-04-05,63.5135

2012-04-04,43.1096

2012-04-03,61.3949

2012-04-02,59.2969

2012-03-30,54.1471

2012-03-29,58.2011

2012-03-28,69.0590

2012-03-27,83.3500

2012-03-26,89.3265

2012-03-23,79.6235

2012-03-22,78.1379

2012-03-21,68.7763

2012-03-20,51.2821

2012-03-19,55.8095

2012-03-16,43.2396

2012-03-15,44.6115

2012-03-14,45.3950

2012-03-13,65.1582

2012-03-12,54.9926

2012-03-09,59.2333

2012-03-08,54.0272

2012-03-07,44.5081

2012-03-06,36.7290

2012-03-05,47.5550

2012-03-02,71.1678

2012-03-01,63.3557

2012-02-29,55.1070

2012-02-28,63.4836

2012-02-27,48.7991

2012-02-24,50.3097

2012-02-23,41.9274

2012-02-22,44.4566

2012-02-21,32.8965

2012-02-17,49.8063

2012-02-16,73.6622

2012-02-15,63.7814

2012-02-14,81.5127

2012-02-13,80.0022

2012-02-10,73.0498

2012-02-09,70.2738

2012-02-08,55.7760

2012-02-07,49.7501

2012-02-06,58.2815

2012-02-03,75.7483

2012-02-02,66.1401

2012-02-01,54.2850

2012-01-31,53.3890

2012-01-30,70.2181

2012-01-27,73.8742

2012-01-26,48.4448

2012-01-25,54.9229

2012-01-24,34.6216

2012-01-23,45.5227

2012-01-20,37.3416

2012-01-19,40.9080

2012-01-18,53.0092

2012-01-17,72.4693

2012-01-13,67.5297

2012-01-12,74.1037

2012-01-11,73.8520

2012-01-10,71.1837

2012-01-09,50.1811

2012-01-06,54.7850

2012-01-05,65.5406

2012-01-04,62.0400

2012-01-03,72.6490

2011-12-30,48.8646

2011-12-29,39.4359

2011-12-28,46.3973

2011-12-27,45.3126

2011-12-23,50.4042

2011-12-22,43.0160

2011-12-21,33.9558

2011-12-20,46.3036

2011-12-19,14.4487

2011-12-16,18.2812

2011-12-15,17.2516

2011-12-14,21.6526

2011-12-13,28.4505

2011-12-12,41.8945

2011-12-09,52.3554

2011-12-08,34.6662

2011-12-07,43.6688

2011-12-06,51.2387

2011-12-05,67.7879

2011-12-02,66.4009

2011-12-01,69.6906

2011-11-30,61.8428

2011-11-29,43.2667

2011-11-28,49.2376

2011-11-25,14.9799

2011-11-23,12.5008

2011-11-22,17.9816

2011-11-21,17.3070

2011-11-18,20.7290

2011-11-17,27.2385

2011-11-16,47.1023

2011-11-15,60.3897

2011-11-14,52.9010

2011-11-11,48.1817

2011-11-10,39.1183

2011-11-09,40.4517

2011-11-08,59.5852

2011-11-07,56.2576

2011-11-04,65.1341

2011-11-03,66.2491

2011-11-02,61.3724

2011-11-01,50.7609

2011-10-31,63.8491

2011-10-28,77.7252

2011-10-27,70.5378

2011-10-26,57.0217

2011-10-25,50.2359

2011-10-24,61.3348

2011-10-21,32.0028

2011-10-20,35.7674

2011-10-19,41.1062

2011-10-18,59.6323

2011-10-17,73.6435

2011-10-14,83.2553

2011-10-13,77.8821

2011-10-12,74.9045

2011-10-11,73.0606

2011-10-10,65.7661

2011-10-07,55.2970

2011-10-06,59.9174

2011-10-05,34.6395

2011-10-04,30.7580

2011-10-03,11.5830

2011-09-30,12.5717

2011-09-29,14.4815

2011-09-28,24.1439

2011-09-27,34.5969

2011-09-26,8.6952

2011-09-23,9.1681

2011-09-22,8.1212

2011-09-21,22.2467

2011-09-20,26.0931

2011-09-19,51.3300

2011-09-16,62.4203

2011-09-15,64.2863

2011-09-14,66.5284

2011-09-13,54.7066

2011-09-12,53.1075

2011-09-09,50.7215

2011-09-08,65.8129

2011-09-07,63.3341

2011-09-06,55.6742

2011-09-02,47.2239

2011-09-01,60.0614

2011-08-31,65.5967

2011-08-30,75.1541

2011-08-29,67.7729

2011-08-26,61.1992

2011-08-25,44.5999

2011-08-24,46.0053

2011-08-23,51.9545

2011-08-22,23.1489

2011-08-19,23.5325

2011-08-18,25.3558

2011-08-17,37.1909

2011-08-16,34.4196

2011-08-15,46.6402

2011-08-12,58.4995

2011-08-11,55.1910

2011-08-10,41.4489

2011-08-09,45.8001

2011-08-08,11.3399

2011-08-05,19.1052

2011-08-04,22.5373

2011-08-03,38.6850

2011-08-02,40.0053

2011-08-01,60.1489

2011-07-29,54.4733

2011-07-28,59.0685

2011-07-27,69.8294

2011-07-26,82.8145

2011-07-25,72.5969

2011-07-22,67.5898

2011-07-21,58.4264

2011-07-20,81.6755

2011-07-19,78.1724

2011-07-18,69.7340

2011-07-15,66.9665

2011-07-14,47.3607

2011-07-13,53.4687

2011-07-12,39.1650

2011-07-11,52.4996

2011-07-08,91.0698

2011-07-07,90.2496

2011-07-06,89.0242

2011-07-05,89.2543

2011-07-01,86.9912

2011-06-30,83.4352

2011-06-29,79.9605

2011-06-28,77.9108

2011-06-27,73.2544

2011-06-24,64.2248

2011-06-23,66.3811

2011-06-22,57.0990

2011-06-21,66.7204

2011-06-20,39.7544

2011-06-17,37.1627

2011-06-16,31.5052

2011-06-15,36.2149

2011-06-14,49.9556

2011-06-13,23.6370

2011-06-10,30.5696

2011-06-09,33.8701

2011-06-08,22.7153

2011-06-07,29.1401

2011-06-06,33.0096

2011-06-03,47.7239

2011-06-02,68.3472

2011-06-01,47.7536

2011-05-31,66.3364

2011-05-27,59.3911

2011-05-26,35.6387

2011-05-25,32.3791

2011-05-24,30.4549

2011-05-23,30.9839

2011-05-20,47.3344

2011-05-19,52.3751

2011-05-18,32.9959

2011-05-17,32.8336

2011-05-16,9.1049

2011-05-13,12.0682

2011-05-12,24.7974

2011-05-11,27.1115

2011-05-10,42.1134

2011-05-09,44.3469

2011-05-06,34.3832

2011-05-05,26.0501

2011-05-04,16.7192

2011-05-03,17.9970

2011-05-02,41.0961

2011-04-29,47.8585

2011-04-28,46.0317

2011-04-27,65.4702

2011-04-26,76.9181

2011-04-25,75.8174

2011-04-21,65.0539

2011-04-20,70.0257

2011-04-19,74.0743

2011-04-18,62.1874

2011-04-15,67.9015

2011-04-14,69.0042

2011-04-13,66.0972

2011-04-12,52.7113

2011-04-11,76.9768

2011-04-08,67.9530

2011-04-07,58.4045

2011-04-06,50.5794

2011-04-05,78.8246

2011-04-04,92.5431

2011-04-01,87.4005

2011-03-31,85.4932

2011-03-30,82.5263

2011-03-29,81.7321

2011-03-28,76.4905

2011-03-25,87.2329

2011-03-24,85.3272

2011-03-23,84.1553

2011-03-22,73.9421

2011-03-21,63.2865

2011-03-18,41.6742

2011-03-17,49.2249

2011-03-16,41.1427

2011-03-15,51.2303

2011-03-14,65.2566

2011-03-11,73.1347

2011-03-10,52.1201

2011-03-09,42.2186

2011-03-08,45.0821

2011-03-07,45.0821

2011-03-04,57.6534

2011-03-03,55.3961

2011-03-02,43.8673

2011-03-01,34.3136

2011-02-28,47.2079

2011-02-25,44.3440

2011-02-24,35.6185

2011-02-23,19.0127

2011-02-22,27.5777

2011-02-18,59.4951

2011-02-17,79.0205

2011-02-16,81.1008

2011-02-15,79.3901

2011-02-14,86.5971

2011-02-11,93.3786

2011-02-10,90.4265

2011-02-09,87.0343

2011-02-08,80.8420

2011-02-07,78.5690

2011-02-04,75.1362

2011-02-03,81.8559

2011-02-02,81.0628

2011-02-01,85.4845

2011-01-31,61.7244

2011-01-28,47.4975

2011-01-27,73.8817

2011-01-26,67.5649

2011-01-25,49.1342

2011-01-24,54.8199

2011-01-21,39.9057

2011-01-20,45.2123

2011-01-19,65.8543

2011-01-18,80.8964

2011-01-14,78.9755

2011-01-13,70.6581

2011-01-12,68.5028

2011-01-11,73.2081

2011-01-10,71.8838

2011-01-07,82.4219

2011-01-06,77.5669

2011-01-05,75.9965

2011-01-04,60.8596

2011-01-03,52.7906

2010-12-31,17.8092

2010-12-30,25.8559

2010-12-29,32.0650

2010-12-28,25.7230

2010-12-27,35.0033

2010-12-23,35.2181

2010-12-22,37.2924

2010-12-21,41.6184

2010-12-20,16.0718

2010-12-17,15.4704

2010-12-16,11.0867

2010-12-15,13.5593

2010-12-14,34.4189

2010-12-13,50.9136

2010-12-10,45.2638

2010-12-09,47.3228

2010-12-08,47.3228

2010-12-07,60.5160

2010-12-06,65.5071

2010-12-03,60.8051

2010-12-02,43.0394

2010-12-01,45.5822

2010-11-30,32.8951

2010-11-29,43.6808

2010-11-26,56.2917

2010-11-24,54.3305

2010-11-23,38.2030

2010-11-22,52.2510

2010-11-19,50.6636

2010-11-18,48.4606

2010-11-17,42.9340

2010-11-16,25.5551

2010-11-15,41.3240

2010-11-12,50.0700

2010-11-11,73.4579

2010-11-10,64.1186

2010-11-09,49.3196

2010-11-08,58.6927

2010-11-05,48.2984

2010-11-04,57.3975

2010-11-03,61.7558

2010-11-02,56.8713

2010-11-01,44.4986

2010-10-29,61.2500

2010-10-28,79.2826

2010-10-27,85.8343

2010-10-26,85.4917

2010-10-25,81.3573

2010-10-22,76.7896

2010-10-21,62.5463

2010-10-20,49.8864

2010-10-19,54.7406

2010-10-18,72.7888

2010-10-15,47.2051

2010-10-14,43.0480

2010-10-13,56.6158

2010-10-12,54.4500

2010-10-11,55.2524

2010-10-08,49.7200

2010-10-07,49.1361

2010-10-06,48.8068

2010-10-05,64.8548

2010-10-04,41.7737

2010-10-01,52.8235

2010-09-30,76.9255

2010-09-29,85.9608

2010-09-28,83.6085

2010-09-27,97.4485

2010-09-24,95.3974

2010-09-23,93.4191

2010-09-22,89.1145

2010-09-21,87.8948

2010-09-20,85.0372

2010-09-17,63.3512

2010-09-16,70.4565

2010-09-15,74.3479

2010-09-14,74.8201

2010-09-13,74.5180

2010-09-10,65.3457

2010-09-09,62.5520

2010-09-08,65.5980

2010-09-07,56.5758

2010-09-03,72.7033

2010-09-02,66.3065

2010-09-01,63.1597

2010-08-31,44.9419

2010-08-30,36.1233

2010-08-27,46.8738

2010-08-26,23.0476

2010-08-25,29.5555

2010-08-24,19.2553

2010-08-23,25.5834

2010-08-20,40.1396

2010-08-19,28.7960

2010-08-18,39.3517

2010-08-17,52.7997

2010-08-16,52.1041

2010-08-13,38.2787

2010-08-12,36.5433

2010-08-11,45.5330

2010-08-10,83.3005

2010-08-09,82.3002

2010-08-06,78.9486

2010-08-05,75.4877

2010-08-04,87.8901

2010-08-03,84.2530

2010-08-02,83.8455

2010-07-30,75.2406

2010-07-29,64.8694

2010-07-28,66.8981

2010-07-27,84.5651

2010-07-26,83.0654

2010-07-23,77.2332

2010-07-22,59.9541

2010-07-21,50.4640

2010-07-20,57.4369

2010-07-19,48.5565

2010-07-16,53.4905

2010-07-15,73.5022

2010-07-14,70.9923

2010-07-13,68.4443

2010-07-12,47.8764

2010-07-09,51.3224

2010-07-08,60.4285

2010-07-07,60.1526

2010-07-06,26.5643

2010-07-02,26.9335

2010-07-01,30.3022

2010-06-30,26.8626

2010-06-29,23.5892

2010-06-28,45.5677

2010-06-25,55.5774

2010-06-24,41.2798

2010-06-23,56.3592

2010-06-22,53.4568

2010-06-21,57.5387

2010-06-18,46.6617

2010-06-17,37.5314

2010-06-16,46.7881

2010-06-15,49.1080

2010-06-14,38.4746

2010-06-11,38.1356

2010-06-10,37.3764

2010-06-09,18.3107

2010-06-08,21.3885

2010-06-07,18.9913

2010-06-04,21.6208

2010-06-03,24.3802

2010-06-02,22.8243

2010-06-01,18.0516

2010-05-28,17.4610

2010-05-27,17.5448

2010-05-26,10.5444

2010-05-25,10.7281

2010-05-24,10.9248

2010-05-21,10.8215

2010-05-20,9.0037

2010-05-19,9.1196

2010-05-18,9.1729

2010-05-17,9.2211

2010-05-14,9.2404

2010-05-13,9.2727

2010-05-12,9.3129

2010-05-11,66.1147

2010-05-10,60.1926

2010-05-07,33.7997

2010-05-06,46.5366

2010-05-05,60.2250

2010-05-04,62.6014

2010-05-03,73.2577

2010-04-30,67.7575

2010-04-29,81.8097

2010-04-28,38.9328

2010-04-27,37.2342

2010-04-26,58.4897

2010-04-23,65.5800

2010-04-22,61.1961

2010-04-21,52.7138

2010-04-20,58.6972

2010-04-19,36.8853

2010-04-16,57.3516

2010-04-15,94.0589

2010-04-14,90.8772

2010-04-13,84.3505

2010-04-12,83.9325

2010-04-09,83.4443

2010-04-08,79.3574

2010-04-07,77.7043

2010-04-06,81.8549

2010-04-05,66.1855

2010-04-01,64.4211

2010-03-31,60.6285

2010-03-30,62.7696

2010-03-29,71.7190

2010-03-26,66.5929

2010-03-25,63.3179

2010-03-24,89.8289

2010-03-23,85.9484

2010-03-22,78.7187

2010-03-19,70.7108

2010-03-18,65.5756

2010-03-17,70.0870

2010-03-16,82.3824

2010-03-15,89.8555

2010-03-12,78.6633

2010-03-11,90.2184

2010-03-10,88.4911

2010-03-09,83.8228

2010-03-08,80.8846

2010-03-05,67.3984

2010-03-04,77.1089

2010-03-03,69.1847

2010-03-02,74.8913

2010-03-01,87.3848

2010-02-26,85.3298

2010-02-25,78.9756

2010-02-24,76.1061

2010-02-23,72.8147

2010-02-22,86.6127

2010-02-19,83.3758

2010-02-18,82.1177

2010-02-17,76.4771

2010-02-16,80.4004

2010-02-12,79.7747

2010-02-11,79.5831

2010-02-10,77.9328

2010-02-09,48.4794

2010-02-08,59.5768

2010-02-05,68.0171

2010-02-04,61.8543

2010-02-03,74.8098

2010-02-02,54.7488

2010-02-01,54.1297

2010-01-29,33.9202

2010-01-28,40.1381

2010-01-27,47.5279

2010-01-26,40.8651

2010-01-25,35.2953

2010-01-22,36.4270

2010-01-21,55.2015

2010-01-20,54.9600

2010-01-19,55.9002

2010-01-15,81.4805

2010-01-14,80.5660

2010-01-13,72.8803

2010-01-12,15.9408

2010-01-11,28.7897

2010-01-08,34.6634

2010-01-07,35.2228

2010-01-06,49.0717

2010-01-05,30.8241

2010-01-04,37.5614

2009-12-31,39.5719

2009-12-30,48.1654

2009-12-29,54.6177

2009-12-28,64.0216

2009-12-24,52.3255

2009-12-23,49.4927

2009-12-22,14.5823

2009-12-21,21.0745

2009-12-18,29.7431

2009-12-17,31.8974

2009-12-16,54.9287

2009-12-15,48.4732

2009-12-14,49.7599

2009-12-11,31.4697

2009-12-10,38.9351

2009-12-09,47.8373

2009-12-08,21.3542

2009-12-07,24.1335

2009-12-04,30.4809

2009-12-03,34.8422

2009-12-02,50.0754

2009-12-01,52.2984

2009-11-30,48.2940

2009-11-27,62.0646

2009-11-25,68.4918

2009-11-24,59.4168

2009-11-23,67.5242

2009-11-20,49.2586

2009-11-19,50.0882

2009-11-18,64.8880

2009-11-17,82.3565

2009-11-16,80.2348

2009-11-13,76.0110

2009-11-12,71.5381

2009-11-11,78.9326

2009-11-10,77.6160

2009-11-09,76.5104

2009-11-06,67.2266

2009-11-05,55.4211

2009-11-04,43.5482

2009-11-03,39.1710

2009-11-02,29.1561

2009-10-30,30.4614

2009-10-29,39.2825

2009-10-28,41.4081

2009-10-27,29.7283

2009-10-26,73.7834

2009-10-23,78.1818

2009-10-22,63.5329

2009-10-21,50.4661

2009-10-20,55.0289

2009-10-19,58.5050

2009-10-16,37.6369

2009-10-15,42.2209

2009-10-14,55.8263

2009-10-13,52.6436

2009-10-12,60.4286

2009-10-09,82.5764

2009-10-08,74.7149

2009-10-07,76.8929

2009-10-06,68.5975

2009-10-05,45.0258

2009-10-02,30.4204

2009-10-01,22.5603

2009-09-30,48.9497

2009-09-29,58.6727

2009-09-28,63.5577

2009-09-25,44.1986

2009-09-24,51.0171

2009-09-23,65.2537

2009-09-22,69.6692

2009-09-21,82.9373

2009-09-18,82.7582

2009-09-17,82.3239

2009-09-16,90.9547

2009-09-15,89.7050

2009-09-14,83.6573

2009-09-11,78.2396

2009-09-10,84.0767

2009-09-09,79.8117

2009-09-08,76.0743

2009-09-04,64.8845

2009-09-03,44.1080

2009-09-02,33.5744

2009-09-01,17.0645

2009-08-31,27.0153

2009-08-28,44.3568

2009-08-27,45.7716

2009-08-26,54.6233

2009-08-25,66.2282

2009-08-24,61.7576

2009-08-21,61.7576

2009-08-20,53.7719

2009-08-19,38.6832

2009-08-18,31.5507

2009-08-17,18.4365

2009-08-14,34.9798

2009-08-13,50.2836

2009-08-12,53.7559

2009-08-11,48.0576

2009-08-10,61.0643

2009-08-07,52.9071

2009-08-06,41.1735

2009-08-05,51.3348

2009-08-04,60.6260

2009-08-03,67.2247

2009-07-31,59.9060

2009-07-30,66.8308

2009-07-29,59.3419

2009-07-28,70.9430

2009-07-27,82.0397

2009-07-24,84.4120

2009-07-23,71.1639

2009-07-22,63.2297

2009-07-21,79.5206

2009-07-20,89.7546

2009-07-17,83.9331

2009-07-16,86.3460

2009-07-15,83.5305

2009-07-14,71.9296

2009-07-13,60.8448

2009-07-10,48.4971

2009-07-09,42.8819

2009-07-08,24.7808

2009-07-07,25.9993

2009-07-06,37.1001

2009-07-02,42.6672

2009-07-01,52.1096

2009-06-30,64.4401

2009-06-29,60.8584

2009-06-26,66.3720

2009-06-25,58.2781

2009-06-24,45.4620

2009-06-23,25.9451

2009-06-22,30.2074

2009-06-19,60.0276

2009-06-18,53.3256

2009-06-17,57.3908

2009-06-16,45.0570

2009-06-15,50.6694

2009-06-12,45.2095

2009-06-11,65.7796

2009-06-10,63.0283

2009-06-09,89.0572

2009-06-08,86.9726

2009-06-05,87.4031

2009-06-04,83.2368

2009-06-03,79.9918

2009-06-02,74.6797

2009-06-01,92.3728

2009-05-29,83.8959

2009-05-28,79.2370

2009-05-27,70.6487

2009-05-26,64.3908

2009-05-22,46.1766

2009-05-21,47.6669

2009-05-20,67.8642

2009-05-19,67.7477

2009-05-18,62.4966

2009-05-15,43.9718

2009-05-14,42.8935

2009-05-13,33.9661

2009-05-12,52.5507

2009-05-11,48.9744

2009-05-08,64.3209

2009-05-07,66.9219

2009-05-06,93.0252

2009-05-05,91.1564

2009-05-04,90.6263

2009-05-01,84.6050

2009-04-30,82.6988

2009-04-29,78.2360

2009-04-28,71.9399

2009-04-27,83.5772

2009-04-24,77.8633

2009-04-23,72.6152

2009-04-22,67.5181

2009-04-21,62.4652

2009-04-20,55.8139

2009-04-17,81.3232

2009-04-16,75.4054

2009-04-15,65.6855

2009-04-14,71.5381

2009-04-13,75.8462

2009-04-09,66.0553

2009-04-08,53.2661

2009-04-07,41.4662

2009-04-06,63.9163

2009-04-03,67.4589

2009-04-02,63.6432

2009-04-01,42.3779

2009-03-31,46.2825

2009-03-30,37.1426

2009-03-27,60.2076

2009-03-26,71.3756

2009-03-25,67.5368

2009-03-24,83.3101

2009-03-23,78.1355

2009-03-20,67.7512

2009-03-19,67.7346

2009-03-18,67.4807

2009-03-17,68.3871

2009-03-16,49.1979

2009-03-13,80.7808

2009-03-12,77.4450

2009-03-11,76.2087

2009-03-10,74.7666

2009-03-09,61.1181

2009-03-06,65.9263

2009-03-05,77.1666

2009-03-04,73.8364

2009-03-03,59.4682

2009-03-02,45.6422

2009-02-27,77.4914

2009-02-26,74.4309

2009-02-25,71.6014

2009-02-24,70.3993

2009-02-23,52.8285

2009-02-20,65.6009

2009-02-19,59.1130

2009-02-18,49.9733

2009-02-17,35.1042

2009-02-13,46.3322

2009-02-12,55.5682

2009-02-11,60.2730

2009-02-10,55.3641

2009-02-09,81.2373

2009-02-06,51.4870

2009-02-05,54.4287

2009-02-04,72.5109

2009-02-03,62.1168

2009-02-02,63.8827

2009-01-30,80.9856

2009-01-29,80.8213

2009-01-28,79.1830

2009-01-27,53.9814

2009-01-26,55.1985

2009-01-23,40.9090

2009-01-22,42.6527

2009-01-21,36.6569

2009-01-20,32.1824

2009-01-16,44.5806

2009-01-15,18.6739

2009-01-14,19.0151

2009-01-13,26.0897

2009-01-12,20.3150

2009-01-09,28.6929

2009-01-08,35.9692

2009-01-07,41.6354

2009-01-06,68.5993

2009-01-05,78.8765

2009-01-02,75.4940

2008-12-31,67.0990

2008-12-30,58.5575

2008-12-29,41.6422

2008-12-26,47.9267

2008-12-24,47.3974

2008-12-23,50.4883

2008-12-22,46.2611

2008-12-19,64.5306

2008-12-18,63.9902

2008-12-17,75.6636

2008-12-16,72.7721

2008-12-15,56.2430

2008-12-12,48.9537

2008-12-11,44.0296

2008-12-10,30.6256

2008-12-09,35.4711

2008-12-08,45.8033

2008-12-05,28.6810

2008-12-04,33.9450

2008-12-03,32.3723

2008-12-02,36.3130

2008-12-01,33.3179

2008-11-28,49.4174

2008-11-26,57.1764

2008-11-25,34.8921

2008-11-24,18.8261

2008-11-21,14.1816

2008-11-20,10.2414

2008-11-19,10.4698

2008-11-18,13.3970

2008-11-17,14.4061

2008-11-14,29.1894

2008-11-13,36.5419

2008-11-12,27.3714

2008-11-11,31.5245

2008-11-10,46.1304

2008-11-07,52.5284

2008-11-06,44.9476

2008-11-05,50.8962

2008-11-04,67.0106

2008-11-03,41.4030

2008-10-31,42.5337

2008-10-30,48.8738

2008-10-29,47.4897

2008-10-28,45.3990

2008-10-27,19.5626

2008-10-24,23.1361

2008-10-23,31.0532

2008-10-22,58.5160

2008-10-21,58.1760

2008-10-20,63.8699

2008-10-17,54.6236

2008-10-16,44.5182

2008-10-15,45.0648

2008-10-14,60.2116

2008-10-13,73.8171

2008-10-10,34.8084

2008-10-09,21.2172

2008-10-08,25.1714

2008-10-07,25.7806

2008-10-06,33.3448

2008-10-03,26.4178

2008-10-02,32.0050

2008-10-01,38.3967

2008-09-30,40.6086

2008-09-29,24.8354

2008-09-26,39.3377

2008-09-25,51.2998

2008-09-24,43.6512

2008-09-23,40.2100

2008-09-22,43.0736

2008-09-19,56.2721

2008-09-18,68.6165

2008-09-17,26.1458

2008-09-16,35.1624

2008-09-15,41.3556

2008-09-12,51.3089

2008-09-11,51.8755

2008-09-10,29.3234

2008-09-09,11.3312

2008-09-08,19.3248

2008-09-05,9.9933

2008-09-04,10.1140

2008-09-03,18.2335

2008-09-02,32.8018

2008-08-29,41.8682

2008-08-28,47.5979

2008-08-27,45.8965

2008-08-26,34.0801

2008-08-25,55.3095

2008-08-22,59.1501

2008-08-21,58.1028

2008-08-20,55.4638

2008-08-19,36.3845

2008-08-18,33.4555

2008-08-15,49.1103

2008-08-14,54.8559

2008-08-13,41.6860

2008-08-12,35.0991

2008-08-11,22.7846

2008-08-08,33.3284

2008-08-07,42.0959

2008-08-06,58.5838

2008-08-05,45.6118

2008-08-04,45.4673

2008-08-01,67.8555

2008-07-31,74.0805

2008-07-30,80.1823

2008-07-29,79.2440

2008-07-28,72.4772

2008-07-25,71.4152

2008-07-24,74.5622

2008-07-23,34.7611

2008-07-22,38.5710

2008-07-21,43.3948

2008-07-18,35.8413

2008-07-17,46.0750

2008-07-16,41.4097

2008-07-15,16.8489

2008-07-14,20.6921

2008-07-11,28.2180

2008-07-10,58.2244

2008-07-09,66.4348

2008-07-08,70.3344

2008-07-07,63.7762

2008-07-03,47.0978

2008-07-02,39.7005

2008-07-01,47.2402

2008-06-30,39.5516

2008-06-27,39.8264

2008-06-26,41.0658

2008-06-25,57.3415

2008-06-24,20.3889

2008-06-23,30.5045

2008-06-20,35.1336

2008-06-19,54.8176

2008-06-18,50.4994

2008-06-17,50.7503

2008-06-16,55.5644

2008-06-13,43.7174

2008-06-12,23.0534

2008-06-11,25.3769

2008-06-10,30.4536

2008-06-09,34.7276

2008-06-06,46.8454

2008-06-05,73.0815

2008-06-04,49.9713

2008-06-03,44.6262

2008-06-02,34.6501

2008-05-30,45.7582

2008-05-29,45.5097

2008-05-28,45.5225

2008-05-27,32.7081

2008-05-23,18.5635

2008-05-22,21.4854

2008-05-21,35.7698

2008-05-20,65.7865

2008-05-19,64.2021

2008-05-16,54.6775

2008-05-15,54.1908

2008-05-14,50.0316

2008-05-13,60.2357

2008-05-12,58.8136

2008-05-09,33.0276

2008-05-08,42.1407

2008-05-07,46.7361

2008-05-06,62.2088

2008-05-05,67.6489

2008-05-02,56.7498

2008-05-01,69.6770

2008-04-30,66.5186

2008-04-29,78.7650

2008-04-28,72.0118

2008-04-25,76.8527

2008-04-24,64.3728

2008-04-23,75.9404

2008-04-22,76.5728

2008-04-21,86.2481

2008-04-18,82.2505

2008-04-17,68.2946

2008-04-16,81.4027

2008-04-15,57.3739

2008-04-14,58.9933

2008-04-11,52.1663

2008-04-10,66.0260

2008-04-09,62.7779

2008-04-08,75.7445

2008-04-07,83.5780

2008-04-04,81.2359

2008-04-03,78.2977

2008-04-02,76.1735

2008-04-01,72.7729

2008-03-31,48.9732

2008-03-28,58.1398

2008-03-27,48.2677

2008-03-26,52.3027

2008-03-25,47.0194

2008-03-24,50.3445

2008-03-20,15.3108

2008-03-19,19.5403

2008-03-18,37.0492

2008-03-17,37.6292

2008-03-14,70.1432

2008-03-13,70.2359

2008-03-12,82.3101

2008-03-11,73.6627

2008-03-10,39.6721

2008-03-07,43.5076

2008-03-06,42.1066

2008-03-05,41.6526

2008-03-04,47.5089

2008-03-03,37.4262

2008-02-29,53.0908

2008-02-28,55.9869

2008-02-27,66.0900

2008-02-26,29.4327

2008-02-25,33.9039

2008-02-22,38.8792

2008-02-21,35.0678

2008-02-20,40.4395

2008-02-19,39.7006

2008-02-15,54.5633

2008-02-14,62.7853

2008-02-13,59.7190

2008-02-12,42.2312

2008-02-11,43.4671

2008-02-08,26.2174

2008-02-07,23.8806

2008-02-06,21.0220

2008-02-05,30.3288

2008-02-04,42.3145

2008-02-01,39.5795

2008-01-31,46.3503

2008-01-30,26.3464

2008-01-29,31.5236

2008-01-28,44.1642

2008-01-25,50.5805

2008-01-24,56.8471

2008-01-23,17.8947

2008-01-22,19.0352

2008-01-18,18.7247

2008-01-17,8.9485

2008-01-16,13.5258

2008-01-15,21.1315

2008-01-14,35.2822

2008-01-11,11.4588

2008-01-10,15.7353

2008-01-09,18.1347

2008-01-08,18.6896

2008-01-07,17.0429

2008-01-04,24.3628

2008-01-03,34.3174

2008-01-02,40.7339

2007-12-31,49.3429

2007-12-28,61.1914

2007-12-27,78.3286

2007-12-26,72.6821

2007-12-24,53.0993

2007-12-21,52.9154

2007-12-20,52.5721

2007-12-19,47.2721

2007-12-18,45.3734

2007-12-17,27.8183

2007-12-14,63.1060

2007-12-13,55.9480

2007-12-12,59.0496

2007-12-11,46.4353

2007-12-10,82.7765

2007-12-07,77.2905

2007-12-06,85.9288

2007-12-05,85.6116

2007-12-04,83.7784

2007-12-03,82.8056

2007-11-30,81.6318

2007-11-29,80.8432

2007-11-28,76.9367

2007-11-27,64.7558

2007-11-26,53.1407

2007-11-23,33.0843

2007-11-21,31.8143

2007-11-20,34.9659

2007-11-19,28.8856

2007-11-16,31.8582

2007-11-15,37.0158

2007-11-14,44.3883

2007-11-13,42.9666

2007-11-12,16.0770

2007-11-09,26.4137

2007-11-08,32.4153

2007-11-07,59.1902

2007-11-06,76.4752

2007-11-05,92.0133

2007-11-02,90.7183

2007-11-01,85.0429

2007-10-31,83.8576

2007-10-30,79.5529

2007-10-29,77.2273

2007-10-26,71.5220

2007-10-25,58.3687

2007-10-24,60.3547

2007-10-23,77.6324

2007-10-22,49.8200

2007-10-19,49.5964

2007-10-18,54.6477

2007-10-17,50.7258

2007-10-16,41.4275

2007-10-15,47.5808

2007-10-12,54.5486

2007-10-11,42.6720

2007-10-10,86.4269

2007-10-09,79.3256

2007-10-08,80.9011

2007-10-05,76.5461

2007-10-04,72.2767

2007-10-03,71.7604

2007-10-02,81.0923

2007-10-01,54.9228

2007-09-28,64.6015

2007-09-27,69.2834

2007-09-26,65.8339

2007-09-25,89.7968

2007-09-24,98.0792

2007-09-21,96.8049

2007-09-20,95.7937

2007-09-19,95.7774

2007-09-18,94.9071

2007-09-17,91.9652

2007-09-14,83.1401

2007-09-13,80.8935

2007-09-12,78.6770

2007-09-11,75.7243

2007-09-10,64.2188

2007-09-07,55.8716

2007-09-06,76.7898

2007-09-05,76.3324

2007-09-04,73.5753

2007-08-31,62.6065

2007-08-30,58.6174

2007-08-29,60.3825

2007-08-28,51.1260

2007-08-27,76.8849

2007-08-24,67.5650

2007-08-23,67.5650

2007-08-22,70.7833

2007-08-21,64.3530

2007-08-20,53.1360

2007-08-17,34.8712

2007-08-16,17.0119

2007-08-15,24.8854

2007-08-14,37.4342

2007-08-13,42.6573

2007-08-10,34.2488

2007-08-09,42.2047

2007-08-08,59.6499

2007-08-07,51.3817

2007-08-06,38.3575

2007-08-03,47.2642

2007-08-02,55.7286

2007-08-01,52.4796

2007-07-31,54.5727

2007-07-30,66.4252

2007-07-27,62.4194

2007-07-26,68.6970

2007-07-25,39.0159

2007-07-24,19.7033

2007-07-23,23.3425

2007-07-20,32.2488

2007-07-19,44.8886

2007-07-18,47.8404

2007-07-17,77.3076

2007-07-16,72.6526

2007-07-13,89.1660

2007-07-12,85.5551

2007-07-11,85.1373

2007-07-10,84.2965

2007-07-09,78.2250

2007-07-06,88.3571

2007-07-05,82.0007

2007-07-03,79.1143

2007-07-02,95.7734

2007-06-29,90.0814

2007-06-28,85.0067

2007-06-27,76.6822

2007-06-26,71.9443

2007-06-25,68.8890

2007-06-22,84.1909

2007-06-21,80.5838

2007-06-20,78.1392

2007-06-19,89.1461

2007-06-18,84.2382

2007-06-15,73.1922

2007-06-14,63.0868

2007-06-13,54.0163

2007-06-12,37.2152

2007-06-11,44.5230

2007-06-08,44.1020

2007-06-07,44.9599

2007-06-06,64.5467

2007-06-05,86.2746

2007-06-04,81.5882

2007-06-01,78.8245

2007-05-31,80.0606

2007-05-30,70.0368

2007-05-29,62.1377

2007-05-25,52.0182

2007-05-24,39.4975

2007-05-23,49.8638

2007-05-22,81.5343

2007-05-21,80.4610

2007-05-18,69.9534

2007-05-17,69.3693

2007-05-16,65.5525

2007-05-15,63.2379

2007-05-14,81.1763

2007-05-11,73.2352

2007-05-10,62.6946

2007-05-09,79.7570

2007-05-08,75.2502

2007-05-07,80.6359

2007-05-04,88.1720

2007-05-03,86.5736

2007-05-02,84.1126

2007-05-01,82.3259

2007-04-30,83.3910

2007-04-27,96.3565

2007-04-26,90.0907

2007-04-25,82.7818

2007-04-24,79.7799

2007-04-23,62.1557

2007-04-20,62.5988

2007-04-19,39.7438

2007-04-18,65.3097

2007-04-17,68.8005

2007-04-16,64.7851

2007-04-13,53.1590

2007-04-12,57.1868

2007-04-11,67.1339

2007-04-10,62.6446

2007-04-09,33.4679

2007-04-05,30.3277

2007-04-04,30.4322

2007-04-03,33.3751

2007-04-02,15.8868

2007-03-30,25.2142

2007-03-29,27.6580

2007-03-28,38.9410

2007-03-27,56.2706

2007-03-26,56.2706

2007-03-23,69.3380

2007-03-22,69.4350

2007-03-21,62.6161

2007-03-20,31.2045

2007-03-19,28.5557

2007-03-16,19.7420

2007-03-15,20.8990

2007-03-14,23.7014

2007-03-13,27.6373

2007-03-12,40.2377

2007-03-09,39.6311

2007-03-08,51.0246

2007-03-07,42.7958

2007-03-06,45.6879

2007-03-05,21.5498

2007-03-02,26.5705

2007-03-01,38.6146

2007-02-28,40.3266

2007-02-27,30.3406

2007-02-26,58.3034

2007-02-23,51.3936

2007-02-22,31.2650

2007-02-21,28.0436

2007-02-20,23.0679

2007-02-16,15.1045

2007-02-15,16.2922

2007-02-14,35.3162

2007-02-13,21.1125

2007-02-12,32.8092

2007-02-09,36.2558

2007-02-08,48.9994

2007-02-07,38.5940

2007-02-06,25.8831

2007-02-05,16.7564

2007-02-02,26.6596

2007-02-01,27.8605

2007-01-31,61.3627

2007-01-30,53.5951

2007-01-29,47.0349

2007-01-26,47.0349

2007-01-25,49.2983

2007-01-24,56.7526

2007-01-23,55.1143

2007-01-22,44.8472

2007-01-19,39.7163

2007-01-18,39.6264

2007-01-17,52.4904

2007-01-16,59.8670

2007-01-12,52.3376

2007-01-11,81.1381

2007-01-10,75.9611

2007-01-09,65.7980

2007-01-08,60.2512

2007-01-05,62.7823

2007-01-04,79.8618

2007-01-03,74.0744

2006-12-29,31.3265

2006-12-28,38.1629

2006-12-27,42.7419

2006-12-26,24.4867

2006-12-22,27.9458

2006-12-21,31.6694

2006-12-20,45.1163

2006-12-19,41.0861

2006-12-18,45.5625

2006-12-15,39.7718

2006-12-14,52.5089

2006-12-13,56.3934

2006-12-12,61.3527

2006-12-11,61.1330

2006-12-08,59.1945

2006-12-07,53.1945

2006-12-06,80.1297

2006-12-05,75.7467

2006-12-04,62.1434

2006-12-01,52.0427

2006-11-30,70.8696

2006-11-29,61.6645

2006-11-28,50.5016

2006-11-27,43.7794

2006-11-24,78.9984

2006-11-22,81.8766

2006-11-21,94.2774

2006-11-20,90.3294

2006-11-17,89.9067

2006-11-16,87.6399

2006-11-15,81.9511

2006-11-14,80.0724

2006-11-13,87.2708

2006-11-10,75.7377

2006-11-09,75.1139

2006-11-08,75.3075

2006-11-07,70.8609

2006-11-06,55.8903

2006-11-03,48.7166

2006-11-02,49.5864

2006-11-01,41.5904

2006-10-31,48.1518

2006-10-30,86.8487

2006-10-27,72.8222

2006-10-26,46.3253

2006-10-25,45.8035

2006-10-24,39.8110

2006-10-23,69.8238

2006-10-20,64.4459

2006-10-19,60.1480

2006-10-18,29.9518

2006-10-17,32.0181

2006-10-16,39.5868

2006-10-13,37.5159

2006-10-12,55.6495

2006-10-11,63.6971

2006-10-10,59.1905

2006-10-09,45.9947

2006-10-06,36.8215

2006-10-05,43.7182

2006-10-04,32.2619

2006-10-03,24.0127

2006-10-02,38.6158

2006-09-29,50.2081

2006-09-28,65.6324

2006-09-27,63.4001

2006-09-26,67.2002

2006-09-25,78.1365

2006-09-22,65.4893

2006-09-21,67.2291

2006-09-20,64.3305

2006-09-19,57.9709

2006-09-18,95.9933

2006-09-15,95.1967

2006-09-14,92.0605

2006-09-13,90.6216

2006-09-12,78.1803

2006-09-11,74.8210

2006-09-08,75.8830

2006-09-07,61.5684

2006-09-06,45.2368

2006-09-05,54.7404

2006-09-01,59.9927

2006-08-31,55.5053

2006-08-30,56.2058

2006-08-29,45.9463

2006-08-28,51.9542

2006-08-25,46.1240

2006-08-24,44.6922

2006-08-23,46.0380

2006-08-22,63.8733

2006-08-21,61.4860

2006-08-18,71.0617

2006-08-17,77.6883

2006-08-16,70.4903

2006-08-15,66.0316

2006-08-14,35.9554

2006-08-11,41.2971

2006-08-10,33.4646

2006-08-09,28.1554

2006-08-08,39.5031

2006-08-07,41.7464

2006-08-04,44.4383

2006-08-03,39.0208

2006-08-02,12.6437

2006-08-01,14.7863

2006-07-31,15.8443

2006-07-28,16.7345

2006-07-27,16.8663

2006-07-26,69.1025

2006-07-25,56.7663

2006-07-24,54.3934

2006-07-21,49.8013

2006-07-20,50.3967

2006-07-19,67.0767

2006-07-18,74.2231

2006-07-17,76.6089

2006-07-14,63.3733

2006-07-13,42.4415

2006-07-12,51.1004

2006-07-11,57.4720

2006-07-10,48.2466

2006-07-07,66.3137

2006-07-06,68.7611

2006-07-05,55.9298

2006-07-03,67.8653

2006-06-30,53.9680

2006-06-29,60.4404

2006-06-28,41.4162

2006-06-27,52.3430

2006-06-26,51.9180

2006-06-23,47.8175

2006-06-22,44.3759

2006-06-21,61.4076

2006-06-20,37.3697

2006-06-19,34.8981

2006-06-16,50.7064

2006-06-15,49.6910

2006-06-14,34.6031

2006-06-13,27.8596

2006-06-12,47.3623

2006-06-09,61.1378

2006-06-08,59.8589

2006-06-07,67.2646

2006-06-06,79.8666

2006-06-05,63.4631

2006-06-02,61.8402

2006-06-01,65.0664

2006-05-31,42.7098

2006-05-30,41.8501

2006-05-26,48.2586

2006-05-25,47.8307

2006-05-24,64.3241

2006-05-23,60.6600

2006-05-22,51.6210

2006-05-19,61.6519

2006-05-18,52.3738

2006-05-17,73.9021

2006-05-16,71.8354

2006-05-15,78.0842

2006-05-12,71.0907

2006-05-11,81.8207

2006-05-10,90.8365

2006-05-09,52.3378

2006-05-08,79.3753

2006-05-05,75.9964

2006-05-04,81.6193

2006-05-03,64.8943

2006-05-02,54.1807

2006-05-01,58.4918

2006-04-28,44.0138

2006-04-27,34.4457

2006-04-26,41.6977

2006-04-25,51.5928

2006-04-24,62.7129

2006-04-21,68.4893

2006-04-20,69.6294

2006-04-19,77.1279

2006-04-18,58.7067

2006-04-17,52.6540

2006-04-13,58.7127

2006-04-12,54.5267

2006-04-11,46.5065

2006-04-10,79.0559

2006-04-07,71.1647

2006-04-06,70.5003

2006-04-05,60.6176

2006-04-04,62.8048

2006-04-03,58.4797

2006-03-31,67.3057

2006-03-30,84.0448

2006-03-29,74.8762

2006-03-28,55.4275

2006-03-27,68.1058

2006-03-24,51.2285

2006-03-23,56.2120

2006-03-22,60.9559

2006-03-21,46.5108

2006-03-20,62.4539

2006-03-17,42.2600

2006-03-16,30.3182

2006-03-15,31.6712

2006-03-14,32.9720

2006-03-13,39.1456

2006-03-10,33.3191

2006-03-09,25.3556

2006-03-08,41.4506

2006-03-07,59.8629

2006-03-06,64.0093

2006-03-03,52.3050

2006-03-02,55.9688

2006-03-01,45.2750

2006-02-28,46.4700

2006-02-27,70.1799

2006-02-24,62.5334

2006-02-23,59.2854

2006-02-22,84.8076

2006-02-21,73.3068

2006-02-17,60.4711

2006-02-16,47.4486

2006-02-15,50.4902

2006-02-14,46.8564

2006-02-13,48.9210

2006-02-10,43.1729

2006-02-09,48.6100

2006-02-08,47.9059

2006-02-07,12.5158

2006-02-06,13.3752

2006-02-03,14.1698

2006-02-02,19.7955

2006-02-01,25.1361

2006-01-31,40.8990

2006-01-30,17.1470

2006-01-27,5.0943

2006-01-26,5.2016

2006-01-25,5.6356

2006-01-24,9.5332

2006-01-23,7.9746

2006-01-20,16.7451

2006-01-19,23.1878

2006-01-18,24.2179

2006-01-17,40.3790

2006-01-13,49.7397

2006-01-12,36.6531

2006-01-11,43.9325

2006-01-10,62.9291

2006-01-09,56.7408

2006-01-06,53.4519

2006-01-05,57.8142

2006-01-04,58.8791

2006-01-03,29.9966

2005-12-30,20.7752

2005-12-29,23.9521

2005-12-28,29.4682

2005-12-27,32.9036

2005-12-23,41.0731

2005-12-22,15.9772

2005-12-21,12.6035

2005-12-20,13.6936

2005-12-19,16.6926

2005-12-16,7.6152

2005-12-15,11.3622

2005-12-14,12.2036

2005-12-13,25.1554

2005-12-12,35.9459

2005-12-09,35.5533

2005-12-08,45.9075

2005-12-07,49.7730

2005-12-06,53.7052

2005-12-05,52.6212

2005-12-02,58.0325

2005-12-01,62.7291

2005-11-30,56.7931

2005-11-29,51.0997

2005-11-28,59.2283

2005-11-25,87.9337

2005-11-23,84.1338

2005-11-22,71.5048

2005-11-21,56.5408

2005-11-18,52.1604

2005-11-17,71.2562

2005-11-16,45.0513

2005-11-15,36.4924

2005-11-14,46.5602

2005-11-11,47.0087

2005-11-10,49.8637

2005-11-09,46.8666

2005-11-08,58.2660

2005-11-07,63.8577

2005-11-04,38.9937

2005-11-03,38.6008

2005-11-02,39.6216

2005-11-01,40.3037

2005-10-31,42.4678

2005-10-28,37.5759

2005-10-27,42.4047

2005-10-26,82.6181

2005-10-25,80.9426

2005-10-24,87.3529

2005-10-21,69.1478

2005-10-20,46.8857

2005-10-19,45.3071

2005-10-18,55.7041

2005-10-17,51.3212

2005-10-14,55.1175

2005-10-13,18.9792

2005-10-12,23.0337

2005-10-11,28.9490

2005-10-10,29.6884

2005-10-07,36.1512

2005-10-06,40.4144

2005-10-05,40.5588

2005-10-04,47.6793

2005-10-03,26.5555

2005-09-30,12.8026

2005-09-29,13.7699

2005-09-28,14.4005

2005-09-27,22.1665

2005-09-26,31.8357

2005-09-23,36.8691

2005-09-22,36.9691

2005-09-21,39.3382

2005-09-20,39.7050

2005-09-19,37.4419

2005-09-16,35.0702

2005-09-15,38.7010

2005-09-14,37.7403

2005-09-13,93.1815

2005-09-12,92.8317

2005-09-09,85.9848

2005-09-08,63.9425

2005-09-07,60.1723

2005-09-06,31.7447

2005-09-02,32.6015

2005-09-01,35.7602

2005-08-31,43.5643

2005-08-30,43.5643

2005-08-29,32.7220

2005-08-26,33.3194

2005-08-25,33.5293

2005-08-24,30.0017

2005-08-23,35.2380

2005-08-22,6.2095

2005-08-19,8.4394

2005-08-18,9.6198
