time,MFI
2019-11-15,91.2430
2019-11-14,89.9637
2019-11-13,65.5852
2019-11-12,78.1438
2019-11-11,80.7379
2019-11-08,82.0642
2019-11-07,59.8840
2019-11-06,50.9924
2019-11-05,22.2285
2019-11-04,6.3176
2019-11-01,0.0000
2019-10-31,4.7411
2019-10-30,6.5991
2019-10-29,9.3318
2019-10-28,45.9247
2019-10-25,89.2459
2019-10-24,65.3643
2019-10-23,68.6530
2019-10-22,62.5593
2019-10-21,66.0118
2019-10-18,50.0149
2019-10-17,68.2128
2019-10-16,66.3463
2019-10-15,84.2214
2019-10-14,48.2764
2019-10-11,45.8515
2019-10-10,59.5088
2019-10-09,48.2486
2019-10-08,35.5915
2019-10-07,52.3551
2019-10-04,54.4393
2019-10-03,36.2356
2019-10-02,33.4295
2019-10-01,34.9392
2019-09-30,16.9286
2019-09-27,15.1906
2019-09-26,0.0000
2019-09-25,0.0000
2019-09-24,0.0000
2019-09-23,0.0000
2019-09-20,0.0000
2019-09-19,0.0000
2019-09-18,27.2601
2019-09-17,53.8650
2019-09-16,72.4780
2019-09-13,63.1006
2019-09-12,79.5415
2019-09-11,78.5184
2019-09-10,77.2262
2019-09-09,62.4747
2019-09-06,83.7220
2019-09-05,79.4204
2019-09-04,62.6510
2019-09-03,35.2610
2019-08-30,31.8178
2019-08-29,15.5457
2019-08-28,0.0000
2019-08-27,12.4741
2019-08-26,37.2504
2019-08-23,64.5811
2019-08-22,87.0794
2019-08-21,64.0972
2019-08-20,48.8554
2019-08-19,48.6442
2019-08-16,33.1773
2019-08-15,13.0950
2019-08-14,6.1678
2019-08-13,5.9136
2019-08-12,9.3017
2019-08-09,8.6972
2019-08-08,26.5557
2019-08-07,47.7312
2019-08-06,47.0599
2019-08-05,23.2915
2019-08-02,41.1774
2019-08-01,29.9216
2019-07-31,36.8458
2019-07-30,41.3278
2019-07-29,77.9050
2019-07-26,42.3737
2019-07-25,36.5990
2019-07-24,17.0074
2019-07-23,17.4461
2019-07-22,15.0339
2019-07-19,13.6561
2019-07-18,26.6994
2019-07-17,21.9811
2019-07-16,36.5568
2019-07-15,50.5928
2019-07-12,54.0533
2019-07-11,51.5549
2019-07-10,83.0619
2019-07-09,55.5975
2019-07-08,36.7507
2019-07-05,55.7926
2019-07-03,35.1963
2019-07-02,51.5907
2019-07-01,78.5669
2019-06-28,89.3638
2019-06-27,79.7420
2019-06-26,90.3519
2019-06-25,77.1928
2019-06-24,36.6005
2019-06-21,43.8522
2019-06-20,40.0027
2019-06-19,47.3685
2019-06-18,65.8662
2019-06-17,85.5098
2019-06-14,84.9231
2019-06-13,100.0000
2019-06-12,100.0000
2019-06-11,82.1083
2019-06-10,74.0579
2019-06-07,53.8565
2019-06-06,49.5339
2019-06-05,48.5885
2019-06-04,54.4352
2019-06-03,34.9823
2019-05-31,57.4859
2019-05-30,34.3368
2019-05-29,41.7529
2019-05-28,64.3337
2019-05-24,82.1974
2019-05-23,57.1617
2019-05-22,71.9717
2019-05-21,71.5732
2019-05-20,52.4944
2019-05-17,31.8285
2019-05-16,34.4785
2019-05-15,18.3453
2019-05-14,0.0000
2019-05-13,0.0000
2019-05-10,15.8703
2019-05-09,42.3066
2019-05-08,33.3432
2019-05-07,69.7538
2019-05-06,81.9679
2019-05-03,65.0755
2019-05-02,76.2869
2019-05-01,87.2336
2019-04-30,84.4162
2019-04-29,83.2286
2019-04-26,100.0000
2019-04-25,83.9971
2019-04-24,78.1860
2019-04-23,75.4403
2019-04-22,48.5653
2019-04-18,18.5119
2019-04-17,19.8162
2019-04-16,9.3380
2019-04-15,0.0000
2019-04-12,0.0000
2019-04-11,28.4221
2019-04-10,29.1724
2019-04-09,48.0633
2019-04-08,53.3068
2019-04-05,76.2017
2019-04-04,76.6595
2019-04-03,88.6472
2019-04-02,70.0315
2019-04-01,68.4841
2019-03-29,45.0996
2019-03-28,19.2800
2019-03-27,30.2189
2019-03-26,24.8379
2019-03-25,18.8241
2019-03-22,29.3597
2019-03-21,28.8252
2019-03-20,11.5837
2019-03-19,13.8045
2019-03-18,40.9669
2019-03-15,49.4069
2019-03-14,41.3818
2019-03-13,33.5889
2019-03-12,32.0027
2019-03-11,34.7073
2019-03-08,15.3731
2019-03-07,33.2552
2019-03-06,53.1461
2019-03-05,70.1529
2019-03-04,50.3371
2019-03-01,81.1113
2019-02-28,80.0355
2019-02-27,59.0827
2019-02-26,43.2517
2019-02-25,61.6194
2019-02-22,58.2956
2019-02-21,57.1269
2019-02-20,80.3930
2019-02-19,67.2305
2019-02-15,36.2994
2019-02-14,50.2292
2019-02-13,19.9792
2019-02-12,22.7176
2019-02-11,30.0520
2019-02-08,37.6768
2019-02-07,30.2434
2019-02-06,100.0000
2019-02-05,100.0000
2019-02-04,77.1804
2019-02-01,78.6622
2019-01-31,79.0486
2019-01-30,78.8411
2019-01-29,59.2906
2019-01-28,55.7801
2019-01-25,52.1056
2019-01-24,48.0368
2019-01-23,51.3616
2019-01-22,54.3984
2019-01-18,64.5348
2019-01-17,44.5721
2019-01-16,28.3727
2019-01-15,0.0000
2019-01-14,21.0007
2019-01-11,45.8398
2019-01-10,70.8783
2019-01-09,66.6530
2019-01-08,64.0563
2019-01-07,67.0564
2019-01-04,66.2979
2019-01-03,62.4581
2019-01-02,80.0970
2018-12-31,91.7903
2018-12-28,63.2874
2018-12-27,38.3139
2018-12-26,14.3002
2018-12-24,0.0000
2018-12-21,0.0000
2018-12-20,0.0000
2018-12-19,0.0000
2018-12-18,0.0000
2018-12-17,23.4782
2018-12-14,46.7652
2018-12-13,42.5439
2018-12-12,36.0816
2018-12-11,33.0084
2018-12-10,39.0143
2018-12-07,17.9699
2018-12-06,30.2326
2018-12-04,51.2047
2018-12-03,53.7024
2018-11-30,49.2006
2018-11-29,74.7554
2018-11-28,73.5255
2018-11-27,36.5400
2018-11-26,32.9326
2018-11-23,14.1659
2018-11-21,30.5373
2018-11-20,34.8757
2018-11-19,53.4440
2018-11-16,53.7632
2018-11-15,52.7941
2018-11-14,35.6569
2018-11-13,41.8132
2018-11-12,27.1404
2018-11-09,27.7332
2018-11-08,45.7490
2018-11-07,43.6253
2018-11-06,49.4964
2018-11-05,67.3039
2018-11-02,58.0002
2018-11-01,37.3360
2018-10-31,27.8300
2018-10-30,11.2772
2018-10-29,0.0000
2018-10-26,0.0000
2018-10-25,0.0000
2018-10-24,0.0000
2018-10-23,20.3888
2018-10-22,45.6115
2018-10-19,39.2404
2018-10-18,54.9763
2018-10-17,47.7093
2018-10-16,29.2948
2018-10-15,25.1893
2018-10-12,28.7336
2018-10-11,13.2028
2018-10-10,15.0971
2018-10-09,19.7264
2018-10-08,0.0000
2018-10-05,0.0000
2018-10-04,0.0000
2018-10-03,14.6472
2018-10-02,30.7638
2018-10-01,57.1443
2018-09-28,56.5350
2018-09-27,77.0535
2018-09-26,61.6501
2018-09-25,42.8282
2018-09-24,38.0272
2018-09-21,40.7284
2018-09-20,32.2364
2018-09-19,47.5697
2018-09-18,52.6546
2018-09-17,57.3608
2018-09-14,57.1308
2018-09-13,56.6171
2018-09-12,41.5360
2018-09-11,40.6391
2018-09-10,35.9328
2018-09-07,49.8337
2018-09-06,47.9771
2018-09-05,68.8842
2018-09-04,100.0000
2018-08-31,100.0000
2018-08-30,100.0000
2018-08-29,100.0000
2018-08-28,100.0000
2018-08-27,100.0000
2018-08-24,100.0000
2018-08-23,90.4257
2018-08-22,88.5396
2018-08-21,70.5305
2018-08-20,48.0188
2018-08-17,41.4697
2018-08-16,40.0236
2018-08-15,51.0189
2018-08-14,50.8056
2018-08-13,70.1704
2018-08-10,69.0414
2018-08-09,65.6035
2018-08-08,64.9388
2018-08-07,83.4725
2018-08-06,59.9954
2018-08-03,38.2888
2018-08-02,33.2585
2018-08-01,44.6097
2018-07-31,69.7107
2018-07-30,68.3821
2018-07-27,71.1515
2018-07-26,75.9951
2018-07-25,66.9070
2018-07-24,13.2026
2018-07-23,35.2961
2018-07-20,41.2620
2018-07-19,60.9957
2018-07-18,81.9292
2018-07-17,66.0674
2018-07-16,45.7283
2018-07-13,72.9920
2018-07-12,75.0034
2018-07-11,52.5644
2018-07-10,64.0778
2018-07-09,57.8664
2018-07-06,56.6494
2018-07-05,35.6755
2018-07-03,64.0221
2018-07-02,70.0826
2018-06-29,58.6020
2018-06-28,26.9925
2018-06-27,25.7609
2018-06-26,12.0148
2018-06-25,0.0000
2018-06-22,0.0000
2018-06-21,19.6767
2018-06-20,42.9992
2018-06-19,63.6065
2018-06-18,81.7974
2018-06-15,100.0000
2018-06-14,90.0436
2018-06-13,66.4702
2018-06-12,40.1960
2018-06-11,39.5349
2018-06-08,24.8875
2018-06-07,23.0911
2018-06-06,49.8087
2018-06-05,69.8250
2018-06-04,53.6878
2018-06-01,55.5030
2018-05-31,73.5240
2018-05-30,53.2010
2018-05-29,21.6101
2018-05-25,50.4746
2018-05-24,72.0641
2018-05-23,73.0976
2018-05-22,88.4289
2018-05-21,82.1680
2018-05-18,62.5895
2018-05-17,41.3414
2018-05-16,40.8809
2018-05-15,41.5726
2018-05-14,61.1853
2018-05-11,80.6272
2018-05-10,100.0000
2018-05-09,100.0000
2018-05-08,100.0000
2018-05-07,51.0046
2018-05-04,57.6891
2018-05-03,58.6694
2018-05-02,58.3317
2018-05-01,39.9277
2018-04-30,54.1746
2018-04-27,47.6357
2018-04-26,34.8034
2018-04-25,22.4961
2018-04-24,24.1261
2018-04-23,54.3634
2018-04-20,35.4261
2018-04-19,35.3252
2018-04-18,47.4655
2018-04-17,52.4157
2018-04-16,39.2912
2018-04-13,36.6078
2018-04-12,32.1925
2018-04-11,40.2515
2018-04-10,37.3662
2018-04-09,20.9665
2018-04-06,20.1650
2018-04-05,48.2021
2018-04-04,25.3226
2018-04-03,23.3265
2018-04-02,35.9138
2018-03-29,33.0472
2018-03-28,11.9393
2018-03-27,12.7510
2018-03-26,29.0476
2018-03-23,14.5149
2018-03-22,15.3763
2018-03-21,35.0229
2018-03-20,36.8163
2018-03-19,37.1004
2018-03-16,57.5380
2018-03-15,78.5088
2018-03-14,77.0702
2018-03-13,100.0000
2018-03-12,76.6781
2018-03-09,75.7682
2018-03-08,76.1373
2018-03-07,52.1123
2018-03-06,36.6022
2018-03-05,56.9093
2018-03-02,57.9291
2018-03-01,36.9966
2018-02-28,42.6572
2018-02-27,68.7564
2018-02-26,69.3153
2018-02-23,70.5462
2018-02-22,89.1158
2018-02-21,100.0000
2018-02-20,100.0000
2018-02-16,100.0000
2018-02-15,64.3243
2018-02-14,80.9331
2018-02-13,80.4757
2018-02-12,74.6097
2018-02-09,66.4569
2018-02-08,79.1619
2018-02-07,29.7986
2018-02-06,18.0204
2018-02-05,17.1130
2018-02-02,43.0128
2018-02-01,63.3634
2018-01-31,75.2695
2018-01-30,73.7502
2018-01-29,84.5679
2018-01-26,82.8827
2018-01-25,58.8988
2018-01-24,53.5033
2018-01-23,56.0070
2018-01-22,78.1431
2018-01-19,79.1093
2018-01-18,100.0000
2018-01-17,67.4420
2018-01-16,44.5241
2018-01-12,29.6552
2018-01-11,28.7086
2018-01-10,28.3292
2018-01-09,47.3489
2018-01-08,54.7100
2018-01-05,57.7473
2018-01-04,39.4474
2018-01-03,31.8949
2018-01-02,12.3960
2017-12-29,15.3952
2017-12-28,13.4627
2017-12-27,36.1980
2017-12-26,23.3375
2017-12-22,42.2379
2017-12-21,77.6458
2017-12-20,92.3997
2017-12-19,92.3953
2017-12-18,100.0000
2017-12-15,100.0000
2017-12-14,81.2838
2017-12-13,79.5882
2017-12-12,77.9258
2017-12-11,77.9501
2017-12-08,45.3836
2017-12-07,41.6232
2017-12-06,49.0706
2017-12-05,32.2528
2017-12-04,18.3876
2017-12-01,34.2795
2017-11-30,49.6336
2017-11-29,47.1443
2017-11-28,72.4935
2017-11-27,100.0000
2017-11-24,100.0000
2017-11-22,100.0000
2017-11-21,84.6838
2017-11-20,82.6359
2017-11-17,84.3630
2017-11-16,86.3358
2017-11-15,61.8539
2017-11-14,59.6387
2017-11-13,44.7865
2017-11-10,43.3369
2017-11-09,47.4581
2017-11-08,49.7158
2017-11-07,68.1548
2017-11-06,86.9558
2017-11-03,88.7977
2017-11-02,89.5552
2017-11-01,100.0000
2017-10-31,100.0000
2017-10-30,88.2468
2017-10-27,77.5893
2017-10-26,76.5293
2017-10-25,64.0620
2017-10-24,35.8075
2017-10-23,53.7373
2017-10-20,61.0261
2017-10-19,27.4429
2017-10-18,28.1947
2017-10-17,20.4681
2017-10-16,32.1060
2017-10-13,51.6220
2017-10-12,49.2809
2017-10-11,39.5623
2017-10-10,31.2249
2017-10-09,29.9905
2017-10-06,34.9703
2017-10-05,60.3271
2017-10-04,86.5616
2017-10-03,100.0000
2017-10-02,74.5599
2017-09-29,54.9521
2017-09-28,24.4010
2017-09-27,16.9689
2017-09-26,0.0000
2017-09-25,19.2862
2017-09-22,15.6523
2017-09-21,15.9147
2017-09-20,13.1775
2017-09-19,34.2745
2017-09-18,37.1947
2017-09-15,38.2804
2017-09-14,43.0671
2017-09-13,61.3194
2017-09-12,52.0944
2017-09-11,47.4294
2017-09-08,59.1389
2017-09-07,81.4271
2017-09-06,82.4128
2017-09-05,82.1294
2017-09-01,61.4952
2017-08-31,66.6765
2017-08-30,64.1363
2017-08-29,42.2220
2017-08-28,44.1535
2017-08-25,66.0658
2017-08-24,61.8502
2017-08-23,41.9257
2017-08-22,60.3318
2017-08-21,37.0108
2017-08-18,41.3738
2017-08-17,35.1480
2017-08-16,32.8067
2017-08-15,16.0138
2017-08-14,12.7158
2017-08-11,41.1464
2017-08-10,66.7310
2017-08-09,76.7584
2017-08-08,77.0338
2017-08-07,90.4298
2017-08-04,75.5954
2017-08-03,53.7207
2017-08-02,45.7447
2017-08-01,66.4172
2017-07-31,62.9196
2017-07-28,86.8613
2017-07-27,89.5133
2017-07-26,86.5359
2017-07-25,84.8022
2017-07-24,65.2391
2017-07-21,44.9285
2017-07-20,59.7104
2017-07-19,64.6996
2017-07-18,75.7300
2017-07-17,73.1839
2017-07-14,86.9283
2017-07-13,87.2350
2017-07-12,74.3366
2017-07-11,37.3406
2017-07-10,56.2021
2017-07-07,61.7999
2017-07-06,36.2475
2017-07-05,33.3313
2017-07-03,25.6900
2017-06-30,11.4692
2017-06-29,17.5301
2017-06-28,16.6775
2017-06-27,35.9091
2017-06-26,51.2395
2017-06-23,81.1475
2017-06-22,69.3629
2017-06-21,78.6254
2017-06-20,74.3020
2017-06-19,71.2273
2017-06-16,40.3805
2017-06-15,36.5834
2017-06-14,54.4282
2017-06-13,38.5869
2017-06-12,21.9687
2017-06-09,41.0572
2017-06-08,66.6476
2017-06-07,63.5398
2017-06-06,59.8187
2017-06-05,82.0230
2017-06-02,84.4556
2017-06-01,63.1604
2017-05-31,44.3100
2017-05-30,45.3703
2017-05-26,28.6624
2017-05-25,0.0000
2017-05-24,22.6183
2017-05-23,21.1486
2017-05-22,19.9130
2017-05-19,19.3761
2017-05-18,37.4678
2017-05-17,17.5852
2017-05-16,18.5779
2017-05-15,18.8530
2017-05-12,39.9218
2017-05-11,42.6060
2017-05-10,60.9003
2017-05-09,83.3318
2017-05-08,100.0000
2017-05-05,77.0303
2017-05-04,84.0784
2017-05-03,89.7877
2017-05-02,90.2774
2017-05-01,82.8515
2017-04-28,92.8666
2017-04-27,91.0120
2017-04-26,81.9012
2017-04-25,77.6850
2017-04-24,89.0237
2017-04-21,67.9407
2017-04-20,45.0914
2017-04-19,48.4002
2017-04-18,47.1352
2017-04-17,67.2645
2017-04-13,84.4635
2017-04-12,100.0000
2017-04-11,100.0000
2017-04-10,100.0000
2017-04-07,81.4938
2017-04-06,59.0011
2017-04-05,35.1377
2017-04-04,42.8236
2017-04-03,51.2951
2017-03-31,42.8584
2017-03-30,56.0308
2017-03-29,57.1121
2017-03-28,32.5854
2017-03-27,41.7423
2017-03-24,63.9866
2017-03-23,50.8855
2017-03-22,62.4384
2017-03-21,84.5516
2017-03-20,60.4274
2017-03-17,58.3620
2017-03-16,80.4479
2017-03-15,59.3456
2017-03-14,43.2674
2017-03-13,62.9030
2017-03-10,38.7507
2017-03-09,15.7509
2017-03-08,16.0375
2017-03-07,39.0202
2017-03-06,25.3135
2017-03-03,25.6031
2017-03-02,32.8658
2017-03-01,31.6935
2017-02-28,0.0000
2017-02-27,13.5430
2017-02-24,39.4141
2017-02-23,59.2403
2017-02-22,84.7888
2017-02-21,75.9939
2017-02-17,51.6877
2017-02-16,31.4443
2017-02-15,11.7019
2017-02-14,0.0000
2017-02-13,14.7082
2017-02-10,14.7267
2017-02-09,14.5624
2017-02-08,25.2529
2017-02-07,45.8495
2017-02-06,31.9617
2017-02-03,34.6642
2017-02-02,55.8631
2017-02-01,48.8943
2017-01-31,73.8001
2017-01-30,76.0422
2017-01-27,100.0000
2017-01-26,88.5252
2017-01-25,88.7488
2017-01-24,87.2282
2017-01-23,87.0261
2017-01-20,89.9999
2017-01-19,82.2294
2017-01-18,83.5578
2017-01-17,85.2091
2017-01-13,72.7220
2017-01-12,50.7153
2017-01-11,53.2512
2017-01-10,46.6744
2017-01-09,15.5308
2017-01-06,16.1717
2017-01-05,18.0181
2017-01-04,19.1006
2017-01-03,10.7983
2016-12-30,14.2647
2016-12-29,14.0405
2016-12-28,35.6234
2016-12-27,63.1803
2016-12-23,67.5074
2016-12-22,59.9880
2016-12-21,79.7611
2016-12-20,61.0825
2016-12-19,61.1858
2016-12-16,43.8938
2016-12-15,62.2142
2016-12-14,60.1283
2016-12-13,79.8352
2016-12-12,78.8155
2016-12-09,100.0000
2016-12-08,87.3442
2016-12-07,61.9763
2016-12-06,38.8803
2016-12-05,37.2747
2016-12-02,35.9325
2016-12-01,44.6860
2016-11-30,67.9863
2016-11-29,68.8367
2016-11-28,71.7920
2016-11-25,72.8516
2016-11-23,77.0423
2016-11-22,51.0641
2016-11-21,71.4313
2016-11-18,76.4383
2016-11-17,45.8880
2016-11-16,34.2912
2016-11-15,36.8741
2016-11-14,31.7092
2016-11-11,18.8648
2016-11-10,27.1278
2016-11-09,28.5962
2016-11-08,30.0129
2016-11-07,16.2192
2016-11-04,0.0000
2016-11-03,24.1092
2016-11-02,19.8409
2016-11-01,11.0374
2016-10-31,9.9469
2016-10-28,21.7582
2016-10-27,22.4182
2016-10-26,36.2508
2016-10-25,57.9233
2016-10-24,85.1095
2016-10-21,85.3939
2016-10-20,87.3988
2016-10-19,89.6620
2016-10-18,100.0000
2016-10-17,85.5148
2016-10-14,84.5713
2016-10-13,68.0677
2016-10-12,40.0041
2016-10-11,17.1855
2016-10-10,17.2343
2016-10-07,0.0000
2016-10-06,0.0000
2016-10-05,0.0000
2016-10-04,12.9480
2016-10-03,33.4912
2016-09-30,32.7149
2016-09-29,31.7089
2016-09-28,59.4517
2016-09-27,59.4427
2016-09-26,57.5320
2016-09-23,58.3131
2016-09-22,83.7072
2016-09-21,60.4584
2016-09-20,60.0264
2016-09-19,63.0654
2016-09-16,78.7924
2016-09-15,59.0791
2016-09-14,67.1835
2016-09-13,46.1479
2016-09-12,49.3537
2016-09-09,45.7452
2016-09-08,62.1464
2016-09-07,78.8380
2016-09-06,100.0000
2016-09-02,100.0000
2016-09-01,100.0000
2016-08-31,100.0000
2016-08-30,100.0000
2016-08-29,100.0000
2016-08-26,78.6505
2016-08-25,79.8859
2016-08-24,81.6541
2016-08-23,58.0322
2016-08-22,44.0201
2016-08-19,43.7941
2016-08-18,21.6391
2016-08-17,0.0000
2016-08-16,26.2725
2016-08-15,27.7207
2016-08-12,45.8112
2016-08-11,63.4362
2016-08-10,59.4416
2016-08-09,35.2195
2016-08-08,65.9789
2016-08-05,74.9554
2016-08-04,79.8755
2016-08-03,95.1690
2016-08-02,91.0624
2016-08-01,90.1765
2016-07-29,88.6626
2016-07-28,86.9221
2016-07-27,62.8655
2016-07-26,78.2228
2016-07-25,77.5952
2016-07-22,80.9167
2016-07-21,63.0973
2016-07-20,41.9734
2016-07-19,37.8607
2016-07-18,47.0321
2016-07-15,25.4977
2016-07-14,39.9281
2016-07-13,51.8830
2016-07-12,75.1724
2016-07-11,54.4678
2016-07-08,62.5260
2016-07-07,67.2710
2016-07-06,71.3383
2016-07-05,50.9580
2016-07-01,45.5100
2016-06-30,40.3556
2016-06-29,38.4996
2016-06-28,35.5251
2016-06-27,37.4154
2016-06-24,59.8033
2016-06-23,87.9815
2016-06-22,86.3320
2016-06-21,86.8910
2016-06-20,85.8754
2016-06-17,84.1958
2016-06-16,61.7491
2016-06-15,65.5511
2016-06-14,38.6593
2016-06-13,59.3888
2016-06-10,69.0887
2016-06-09,81.9397
2016-06-08,83.5754
2016-06-07,100.0000
2016-06-06,100.0000
2016-06-03,100.0000
2016-06-02,100.0000
2016-06-01,100.0000
2016-05-31,100.0000
2016-05-27,100.0000
2016-05-26,100.0000
2016-05-25,67.7063
2016-05-24,43.0357
2016-05-23,25.1433
2016-05-20,22.3935
2016-05-19,22.1073
2016-05-18,36.7613
2016-05-17,59.4109
2016-05-16,100.0000
2016-05-13,83.4462
2016-05-12,82.8221
2016-05-11,83.2250
2016-05-10,54.5724
2016-05-09,17.6690
2016-05-06,37.6791
2016-05-05,30.9036
2016-05-04,23.3420
2016-05-03,36.5178
2016-05-02,65.9995
2016-04-29,33.5281
2016-04-28,54.1987
2016-04-27,68.6030
2016-04-26,60.0413
2016-04-25,80.0376
2016-04-22,100.0000
2016-04-21,100.0000
2016-04-20,100.0000
2016-04-19,100.0000
2016-04-18,85.8040
2016-04-15,67.0396
2016-04-14,66.2099
2016-04-13,39.8373
2016-04-12,38.4229
2016-04-11,36.2127
2016-04-08,33.3945
2016-04-07,14.8998
2016-04-06,59.6310
2016-04-05,61.9454
2016-04-04,72.8696
2016-04-01,89.8000
2016-03-31,82.1440
2016-03-30,46.9120
2016-03-29,27.2201
2016-03-28,26.7936
2016-03-24,38.7918
2016-03-23,58.8892
2016-03-22,56.6869
2016-03-21,52.1097
2016-03-18,41.2170
2016-03-17,27.5144
2016-03-16,9.5830
2016-03-15,37.3068
2016-03-14,33.9408
2016-03-11,58.6943
2016-03-10,63.8882
2016-03-09,59.5782
2016-03-08,59.3609
2016-03-07,79.4182
2016-03-04,77.1143
2016-03-03,77.4626
2016-03-02,100.0000
2016-03-01,100.0000
2016-02-29,89.7746
2016-02-26,89.9037
2016-02-25,66.9040
2016-02-24,45.1685
2016-02-23,44.9676
2016-02-22,59.6915
2016-02-19,56.9143
2016-02-18,74.9145
2016-02-17,79.8924
2016-02-16,58.1435
2016-02-12,24.7597
2016-02-11,9.9385
2016-02-10,39.8627
2016-02-09,48.4074
2016-02-08,47.4577
2016-02-05,64.9929
2016-02-04,87.8951
2016-02-03,61.6995
2016-02-02,61.6093
2016-02-01,61.4164
2016-01-29,73.5667
2016-01-28,55.1668
2016-01-27,48.9328
2016-01-26,37.1570
2016-01-25,34.1264
2016-01-22,0.0000
2016-01-21,16.5804
2016-01-20,19.3975
2016-01-19,20.0141
2016-01-15,23.9944
2016-01-14,25.4346
2016-01-13,23.1475
2016-01-12,21.5120
2016-01-11,22.4819
2016-01-08,22.1197
2016-01-07,25.7228
2016-01-06,0.0000
2016-01-05,0.0000
2016-01-04,0.0000
2015-12-31,12.4258
2015-12-30,38.1112
2015-12-29,60.9634
2015-12-28,78.2719
2015-12-24,100.0000
2015-12-23,75.0605
2015-12-22,54.3331
2015-12-21,59.4203
2015-12-18,49.2079
2015-12-17,28.1885
2015-12-16,44.6236
2015-12-15,50.5696
2015-12-14,17.3194
2015-12-11,17.7536
2015-12-10,15.2435
2015-12-09,0.0000
2015-12-08,10.3337
2015-12-07,28.7694
2015-12-04,28.7221
2015-12-03,33.7166
2015-12-02,65.2866
2015-12-01,69.3203
2015-11-30,71.3862
2015-11-27,89.1527
2015-11-25,81.9884
2015-11-24,79.9757
2015-11-23,81.0464
2015-11-20,80.3476
2015-11-19,79.4793
2015-11-18,65.1319
2015-11-17,50.0777
2015-11-16,30.3601
2015-11-13,40.5234
2015-11-12,41.6204
2015-11-11,49.5023
2015-11-10,52.0547
2015-11-09,69.4826
2015-11-06,63.9537
2015-11-05,36.5709
2015-11-04,29.7668
2015-11-03,19.7690
2015-11-02,3.8248
2015-10-30,16.0845
2015-10-29,22.5050
2015-10-28,27.1415
2015-10-27,29.4639
2015-10-26,69.8125
2015-10-23,38.6240
2015-10-22,32.0887
2015-10-21,16.6935
2015-10-20,44.6002
2015-10-19,64.2773
2015-10-16,67.6025
2015-10-15,69.1104
2015-10-14,87.1484
2015-10-13,84.9076
2015-10-12,86.7488
2015-10-09,100.0000
2015-10-08,100.0000
2015-10-07,100.0000
2015-10-06,90.8849
2015-10-05,88.0313
2015-10-02,50.3879
2015-10-01,28.9297
2015-09-30,12.5328
2015-09-29,11.7901
2015-09-28,0.0000
2015-09-25,0.0000
2015-09-24,31.0892
2015-09-23,56.7944
2015-09-22,46.8969
2015-09-21,60.7694
2015-09-18,71.3204
2015-09-17,66.0216
2015-09-16,62.6133
2015-09-15,77.3536
2015-09-14,56.8114
2015-09-11,45.5334
2015-09-10,44.3212
2015-09-09,40.5975
2015-09-08,43.8271
2015-09-04,52.2420
2015-09-03,67.9652
2015-09-02,67.5408
2015-09-01,29.9189
2015-08-31,49.9563
2015-08-28,46.5353
2015-08-27,31.3051
2015-08-26,19.8211
2015-08-25,27.5287
2015-08-24,0.0000
2015-08-21,17.9211
2015-08-20,38.3059
2015-08-19,62.8646
2015-08-18,78.0812
2015-08-17,80.9300
2015-08-14,80.3108
2015-08-13,61.7466
2015-08-12,31.8249
2015-08-11,32.1261
2015-08-10,31.2157
2015-08-07,14.4746
2015-08-06,14.2530
2015-08-05,35.9847
2015-08-04,13.3937
2015-08-03,61.9439
2015-07-31,56.1665
2015-07-30,54.9401
2015-07-29,55.6711
2015-07-28,71.3937
2015-07-27,40.2997
2015-07-24,78.5454
2015-07-23,89.0586
2015-07-22,69.6661
2015-07-21,48.6056
2015-07-20,51.9907
2015-07-17,47.3851
2015-07-16,43.1040
2015-07-15,64.2228
2015-07-14,81.2904
2015-07-13,63.9445
2015-07-10,41.6192
2015-07-09,28.5685
2015-07-08,10.0965
2015-07-07,7.0009
2015-07-06,7.0253
2015-07-02,5.0456
2015-07-01,15.2002
2015-06-30,33.4041
2015-06-29,35.8910
2015-06-26,34.6461
2015-06-25,81.6690
2015-06-24,44.8708
2015-06-23,25.5311
2015-06-22,15.7256
2015-06-19,24.1420
2015-06-18,8.8644
2015-06-17,13.0902
2015-06-16,44.2387
2015-06-15,37.8125
2015-06-12,23.0601
2015-06-11,22.6891
2015-06-10,22.8199
2015-06-09,14.0829
2015-06-08,19.0414
2015-06-05,38.1154
2015-06-04,40.5587
2015-06-03,60.0917
2015-06-02,35.9149
2015-06-01,38.5522
2015-05-29,19.6684
2015-05-28,34.9900
2015-05-27,40.0414
2015-05-26,44.4781
2015-05-22,67.0559
2015-05-21,63.9880
2015-05-20,69.0913
2015-05-19,66.1443
2015-05-18,59.3153
2015-05-15,55.3198
2015-05-14,73.4603
2015-05-13,74.0342
2015-05-12,55.5112
2015-05-11,56.9951
2015-05-08,34.7942
2015-05-07,16.2727
2015-05-06,-0.0000
2015-05-05,-0.0000
2015-05-04,-0.0000
2015-05-01,9.5297
2015-04-30,10.3000
2015-04-29,16.6675
2015-04-28,33.3218
2015-04-27,70.8003
2015-04-24,62.5613
2015-04-23,58.0597
2015-04-22,57.2059
2015-04-21,76.5583
2015-04-20,50.3340
2015-04-17,52.7519
2015-04-16,71.3442
2015-04-15,38.8979
2015-04-14,38.8482
2015-04-13,56.5025
2015-04-10,56.2134
2015-04-09,43.0654
2015-04-08,54.0363
2015-04-07,25.1741
2015-04-06,22.1033
2015-04-02,19.1371
2015-04-01,20.6875
2015-03-31,21.8000
2015-03-30,54.9328
2015-03-27,57.2174
2015-03-26,31.1348
2015-03-25,28.9329
2015-03-24,29.1964
2015-03-23,39.9192
2015-03-20,48.6387
2015-03-19,72.9622
2015-03-18,85.6735
2015-03-17,100.0000
2015-03-16,100.0000
2015-03-13,77.8100
2015-03-12,54.6677
2015-03-11,39.1704
2015-03-10,20.9720
2015-03-09,24.7531
2015-03-06,53.2909
2015-03-05,51.6897
2015-03-04,71.9475
2015-03-03,85.9120
2015-03-02,85.7000
2015-02-27,70.7533
2015-02-26,87.4602
2015-02-25,76.2779
2015-02-24,70.2600
2015-02-23,68.5166
2015-02-20,89.4373
2015-02-19,88.0344
2015-02-18,76.0855
2015-02-17,44.1889
2015-02-13,27.9664
2015-02-12,28.1666
2015-02-11,58.0697
2015-02-10,65.9511
2015-02-09,81.6752
2015-02-06,100.0000
2015-02-05,92.2502
2015-02-04,70.8397
2015-02-03,51.0378
2015-02-02,23.9391
2015-01-30,18.1725
2015-01-29,37.2451
2015-01-28,52.9719
2015-01-27,61.0603
2015-01-26,64.3375
2015-01-23,59.6544
2015-01-22,36.7638
2015-01-21,18.2324
2015-01-20,14.4081
2015-01-16,12.8856
2015-01-15,22.8248
2015-01-14,20.7934
2015-01-13,35.0861
2015-01-12,61.9586
2015-01-09,79.6608
2015-01-08,79.0072
2015-01-07,100.0000
2015-01-06,100.0000
2015-01-05,100.0000
2015-01-02,100.0000
2014-12-31,92.5043
2014-12-30,85.6966
2014-12-29,51.3400
2014-12-26,75.0160
2014-12-24,85.0824
2014-12-23,90.8364
2014-12-22,91.8946
2014-12-19,100.0000
2014-12-18,86.4023
2014-12-17,61.8846
2014-12-16,43.7331
2014-12-15,16.9759
2014-12-12,-0.0000
2014-12-11,-0.0000
2014-12-10,-0.0000
2014-12-09,23.3487
2014-12-08,22.4158
2014-12-05,22.4004
2014-12-04,32.2327
2014-12-03,54.5696
2014-12-02,59.6454
2014-12-01,82.5895
2014-11-28,100.0000
2014-11-26,77.1488
2014-11-25,76.1846
2014-11-24,73.1944
2014-11-21,61.7248
2014-11-20,34.2705
2014-11-19,66.8978
2014-11-18,68.6459
2014-11-17,70.7845
2014-11-14,87.2617
2014-11-13,59.5483
2014-11-12,45.5013
2014-11-11,29.5243
2014-11-10,48.6454
2014-11-07,53.4417
2014-11-06,72.8145
2014-11-05,73.8050
2014-11-04,90.0252
2014-11-03,57.6434
2014-10-31,52.5388
2014-10-30,29.9571
2014-10-29,60.7378
2014-10-28,62.0032
2014-10-27,69.2915
2014-10-24,61.6352
2014-10-23,83.0904
2014-10-22,68.5163
2014-10-21,67.4825
2014-10-20,89.0545
2014-10-17,85.8922
2014-10-16,67.9213
2014-10-15,51.1687
2014-10-14,49.3626
2014-10-13,42.7554
2014-10-10,59.3846
2014-10-09,76.3154
2014-10-08,100.0000
2014-10-07,100.0000
2014-10-06,77.0383
2014-10-03,77.1555
2014-10-02,49.7796
2014-10-01,25.5137
2014-09-30,20.0960
2014-09-29,18.0417
2014-09-26,-0.0000
2014-09-25,-0.0000
2014-09-24,-0.0000
2014-09-23,-0.0000
2014-09-22,22.8322
2014-09-19,39.4224
2014-09-18,70.9293
2014-09-17,68.3246
2014-09-16,69.7573
2014-09-15,46.3721
2014-09-12,52.0152
2014-09-11,26.6538
2014-09-10,15.4877
2014-09-09,26.5233
2014-09-08,33.2496
2014-09-05,19.6617
2014-09-04,21.9732
2014-09-03,84.4436
2014-09-02,37.6814
2014-08-29,10.8351
2014-08-28,34.5117
2014-08-27,43.0206
2014-08-26,35.1867
2014-08-25,49.5082
2014-08-22,88.9838
2014-08-21,70.5391
2014-08-20,46.4638
2014-08-19,71.4163
2014-08-18,71.7323
2014-08-15,69.4895
2014-08-14,70.5873
2014-08-13,84.0334
2014-08-12,70.9600
2014-08-11,48.1756
2014-08-08,29.5707
2014-08-07,26.2121
2014-08-06,23.3978
2014-08-05,10.4774
2014-08-04,47.7356
2014-08-01,61.8308
2014-07-31,80.0400
2014-07-30,92.2420
2014-07-29,100.0000
2014-07-28,89.1154
2014-07-25,86.5319
2014-07-24,76.3931
2014-07-23,46.9596
2014-07-22,21.7379
2014-07-21,25.4852
2014-07-18,31.7919
2014-07-17,48.2228
2014-07-16,48.9330
2014-07-15,49.3797
2014-07-14,31.4275
2014-07-11,11.9819
2014-07-10,0.0000
2014-07-09,0.0000
2014-07-08,0.0000
2014-07-07,24.8277
2014-07-03,14.0170
2014-07-02,12.6337
2014-07-01,8.8175
2014-06-30,17.1256
2014-06-27,17.3152
2014-06-26,24.1499
2014-06-25,26.2161
2014-06-24,51.5462
2014-06-23,51.9032
2014-06-20,23.5992
2014-06-19,74.3668
2014-06-18,67.3555
2014-06-17,65.0962
2014-06-16,58.4303
2014-06-13,69.0553
2014-06-12,36.8443
2014-06-11,71.5663
2014-06-10,90.5047
2014-06-09,100.0000
2014-06-06,92.9984
2014-06-05,93.2959
2014-06-04,90.3875
2014-06-03,91.9592
2014-06-02,92.3229
2014-05-30,100.0000
2014-05-29,85.8994
2014-05-28,86.5737
2014-05-27,65.6062
2014-05-23,50.8191
2014-05-22,41.2487
2014-05-21,66.9159
2014-05-20,48.9256
2014-05-19,53.8088
2014-05-16,46.1388
2014-05-15,72.2120
2014-05-14,55.3978
2014-05-13,42.4648
2014-05-12,50.0867
2014-05-09,61.0071
2014-05-08,26.4768
2014-05-07,44.5780
2014-05-06,56.2587
2014-05-05,66.9187
2014-05-02,71.6884
2014-05-01,62.5762
2014-04-30,52.7750
2014-04-29,52.6293
2014-04-28,25.3359
2014-04-25,-0.0000
2014-04-24,26.2673
2014-04-23,50.8019
2014-04-22,45.5847
2014-04-21,65.1190
2014-04-17,82.9351
2014-04-16,67.0535
2014-04-15,51.2046
2014-04-14,68.1600
2014-04-11,41.4723
